fips,B19001_002E,B19001_003E,B19001_004E,B19001_005E,B19001_006E,B19001_007E,B19001_008E,B19001_009E,B19001_010E,B19001_011E,B19001_012E,B19001_013E,B19001_014E,B19001_015E,B19001_016E,B19001_017E,B19037_001E,B19037_002E,B19037_003E,B19037_004E,B19037_005E,B19037_006E,B19037_007E,B19037_008E,B19037_009E,B19037_010E,B19037_011E,B19037_012E,B19037_013E,B19037_014E,B19037_015E,B19037_016E,B19037_017E,B19037_018E,B19037_019E,B19037_020E,B19037_021E,B19037_022E,B19037_023E,B19037_024E,B19037_025E,B19037_026E,B19037_027E,B19037_028E,B19037_029E,B19037_030E,B19037_031E,B19037_032E,B19037_033E,B19037_034E,B19037_035E,B19037_036E,B19037_037E,B19037_038E,B19037_039E,B19037_040E,B19037_041E,B19037_042E,B19037_043E,B19037_044E,B19037_045E,B19037_046E,B19037_047E,B19037_048E,B19037_049E,B19037_050E,B19037_051E,B19037_052E,B19037_053E,B19037_054E,B19037_055E,B19037_056E,B19037_057E,B19037_058E,B19037_059E,B19037_060E,B19037_061E,B19037_062E,B19037_063E,B19037_064E,B19037_065E,B19037_066E,B19037_067E,B19037_068E,B19037_069E
06001422000,85,63,33,25,7,24,38,0,28,65,49,88,31,93,31,60,720,13,0,0,6,0,0,0,3,0,0,0,0,0,4,0,0,0,349,32,11,17,0,0,15,31,0,24,31,0,51,17,46,27,47,258,33,28,5,19,7,9,0,0,4,34,31,29,10,32,4,13,100,20,24,5,6,0,0,4,0,0,0,18,8,0,15,0,0
06001441923,92,49,128,128,189,15,62,92,56,59,288,269,241,173,115,72,2028,54,30,0,0,10,0,0,0,0,0,0,0,14,0,0,0,0,1088,0,12,52,70,54,0,62,43,16,0,200,176,180,71,80,72,446,38,0,0,0,12,15,0,12,24,59,88,43,37,83,35,0,440,24,37,76,48,123,0,0,37,16,0,0,36,24,19,0,0
06013339001,33,115,21,46,171,138,213,81,55,152,167,380,89,74,95,65,1895,234,0,0,0,14,27,61,91,0,14,0,7,13,0,7,0,0,1098,10,47,0,8,102,63,72,57,33,120,128,223,43,67,78,47,348,23,26,21,6,19,14,14,0,0,32,11,101,46,0,17,18,215,0,42,0,18,23,0,36,24,8,0,21,43,0,0,0,0
06013345108,7,41,8,0,44,22,49,74,25,185,285,422,331,270,526,934,3223,29,7,0,0,0,0,0,0,0,0,0,0,0,0,22,0,0,1168,0,0,0,0,0,0,36,57,11,76,109,131,163,87,233,265,1602,0,41,0,0,0,13,0,0,0,80,145,215,140,141,231,596,424,0,0,8,0,44,9,13,17,14,29,31,76,28,20,62,73
06013349000,101,37,32,40,51,68,25,115,33,59,158,165,188,129,294,324,1819,52,20,14,0,0,0,0,8,10,0,0,0,0,0,0,0,0,542,14,0,0,8,0,15,0,69,20,31,46,26,31,32,136,114,824,14,0,24,17,35,33,0,0,8,28,89,95,97,69,121,194,401,53,23,8,15,16,20,17,36,5,0,23,44,60,28,37,16
06019005410,55,70,46,106,75,154,54,105,52,84,106,157,0,87,0,7,1158,217,8,0,0,0,54,90,0,0,0,0,0,65,0,0,0,0,387,0,54,0,27,0,34,12,65,7,61,57,44,0,26,0,0,310,47,16,8,14,0,30,11,40,9,0,43,31,0,61,0,0,244,0,0,38,65,21,0,31,0,36,23,6,17,0,0,0,7
06037108102,46,5,14,6,10,32,19,28,21,96,114,200,233,167,127,132,1250,9,4,5,0,0,0,0,0,0,0,0,0,0,0,0,0,0,333,11,0,0,0,0,0,8,14,6,47,42,52,46,60,0,47,574,24,0,6,0,0,32,5,9,0,36,42,109,118,52,74,67,334,7,0,8,6,10,0,6,5,15,13,30,39,69,55,53,18
06037124700,85,28,90,97,0,88,34,40,95,219,346,305,175,159,70,216,2047,51,0,0,0,40,0,0,0,11,0,0,0,0,0,0,0,0,800,48,0,13,32,0,43,19,29,11,94,106,206,43,41,44,71,858,37,28,44,15,0,0,0,0,66,107,165,52,86,100,13,145,338,0,0,33,10,0,45,15,0,18,18,75,47,46,18,13,0
06037137502,51,18,95,15,36,67,122,78,59,102,135,221,220,81,183,202,1685,33,0,0,8,0,0,0,0,25,0,0,0,0,0,0,0,0,427,12,4,0,0,0,0,8,24,0,20,51,35,83,28,91,71,723,0,0,9,0,10,11,63,29,20,74,50,113,117,29,82,116,502,39,14,78,15,26,56,51,0,39,8,34,73,20,24,10,15
06037139401,60,182,13,136,0,19,40,9,54,100,154,143,167,76,14,20,1187,21,0,9,0,0,0,0,0,0,0,0,12,0,0,0,0,0,616,8,48,0,82,0,19,24,9,25,41,104,50,130,76,0,0,227,0,10,0,9,0,0,16,0,21,18,28,62,37,0,14,12,323,52,115,13,45,0,0,0,0,8,41,10,31,0,0,0,8
06037141302,107,143,159,102,149,266,106,183,12,153,215,316,260,185,262,280,2898,156,0,16,44,0,53,29,14,0,0,0,0,0,0,0,0,0,1251,19,11,0,18,48,121,30,100,12,37,111,167,162,123,119,173,936,16,67,87,32,33,116,33,35,0,55,52,90,84,62,89,85,555,72,49,28,52,15,0,29,48,0,61,52,59,14,0,54,22
06037214501,164,53,20,51,56,38,44,37,73,94,27,201,208,222,75,162,1525,132,76,0,0,0,0,22,14,0,0,0,0,0,20,0,0,0,831,38,8,5,37,47,16,0,37,67,89,25,128,38,160,30,106,316,10,0,0,14,3,0,6,0,0,5,2,33,124,39,24,56,246,40,45,15,0,6,0,24,0,6,0,0,40,26,23,21,0
06037264103,67,45,59,63,44,24,28,73,9,155,98,211,132,68,180,171,1427,42,0,0,0,0,31,0,0,6,0,0,5,0,0,0,0,0,857,38,32,11,18,5,16,13,67,5,79,71,119,105,47,118,113,333,29,0,0,22,8,8,15,0,4,32,22,71,13,21,30,58,195,0,13,48,23,0,0,0,0,0,44,0,21,14,0,32,0
06037265202,257,35,64,32,84,155,68,38,58,181,80,129,193,81,80,420,1955,305,120,31,22,0,5,50,0,28,0,39,10,0,0,0,0,0,537,69,0,15,0,67,41,0,10,32,100,22,48,77,27,10,19,674,68,0,0,28,0,60,47,0,14,14,22,36,69,43,15,258,439,0,4,27,4,12,4,21,0,12,28,26,45,47,11,55,143
06037271600,177,38,66,174,39,72,45,54,30,112,162,176,313,111,158,228,1955,173,54,12,0,44,0,7,0,0,0,24,25,0,0,0,0,7,982,85,0,39,122,23,25,40,54,30,31,71,96,171,48,90,57,518,28,8,9,0,5,0,5,0,0,40,52,71,86,59,40,115,282,10,18,18,8,11,40,0,0,0,17,14,9,56,4,28,49
06037273200,130,53,76,52,71,0,64,73,29,41,180,168,226,94,80,222,1559,107,0,0,0,0,0,0,17,6,0,0,21,0,30,8,0,25,795,102,22,0,24,31,0,15,35,8,15,70,97,132,58,80,106,522,0,24,25,19,40,0,32,17,21,18,79,71,64,28,0,84,135,28,7,51,9,0,0,0,15,0,8,10,0,0,0,0,7
06037302002,186,114,185,162,48,56,56,118,69,80,152,177,141,20,33,39,1636,49,5,21,23,0,0,0,0,0,0,0,0,0,0,0,0,0,734,100,0,80,27,30,28,13,37,41,14,70,130,110,20,17,17,394,51,15,42,18,0,0,20,42,18,50,43,40,31,0,16,8,459,30,78,40,117,18,28,23,39,10,16,39,7,0,0,0,14
06037463000,25,6,64,28,57,12,12,22,22,56,31,77,127,71,151,174,935,4,0,0,0,0,0,0,0,0,0,0,0,0,4,0,0,0,361,0,0,35,5,13,0,0,0,5,6,11,39,69,10,97,71,333,20,0,7,0,20,8,0,0,17,24,0,32,41,57,30,77,237,5,6,22,23,24,4,12,22,0,26,20,6,13,4,24,26
06037463602,260,446,89,124,29,272,81,92,203,95,187,559,363,78,230,200,3308,231,37,14,0,0,0,38,66,31,13,0,0,0,20,0,12,0,1632,145,44,15,78,29,25,15,31,92,48,135,369,251,64,175,116,745,16,96,61,46,0,110,0,17,15,31,34,115,76,14,43,71,700,62,292,13,0,0,99,0,13,83,16,18,75,16,0,0,13
06037577604,12,10,6,5,0,42,7,45,18,40,87,174,81,110,39,56,732,5,0,5,0,0,0,0,0,0,0,0,0,0,0,0,0,0,121,5,0,0,0,0,0,0,0,7,11,19,15,5,38,9,12,400,7,5,0,0,0,6,0,19,0,23,46,116,60,65,30,23,206,0,0,6,5,0,36,7,26,11,6,22,43,16,7,0,21
06037621204,55,100,157,132,67,17,48,69,74,168,211,111,221,141,91,137,1799,36,0,14,0,0,0,0,0,0,22,0,0,0,0,0,0,0,620,0,0,0,35,33,8,38,12,0,36,154,69,117,34,37,47,655,45,10,10,16,17,0,0,47,0,102,57,42,75,90,54,90,488,10,76,147,81,17,9,10,10,52,30,0,0,29,17,0,0
06037651101,81,32,59,33,73,35,92,33,22,138,148,371,215,208,225,173,1938,0,0,0,0,0,0,0,0,0,0,0,0,0,0,0,0,0,498,12,0,0,0,0,12,49,12,0,57,0,78,103,80,35,60,732,31,10,0,0,19,0,0,0,0,14,101,186,77,68,150,76,708,38,22,59,33,54,23,43,21,22,67,47,107,35,60,40,37
06037700101,327,484,165,187,336,178,175,116,78,263,175,254,99,31,87,143,3098,131,46,12,22,0,0,11,0,0,40,0,0,0,0,0,0,0,1298,52,68,14,142,116,120,63,89,10,187,63,168,41,10,27,128,937,205,58,78,11,127,38,63,15,28,76,77,76,58,12,0,15,732,24,346,51,34,93,9,49,12,0,0,35,10,0,9,60,0
06037700801,269,313,158,82,76,48,184,15,36,124,134,340,166,138,201,401,2685,28,5,0,0,0,0,0,0,0,23,0,0,0,0,0,0,0,884,42,0,57,26,0,0,0,0,0,85,76,209,82,44,78,185,673,27,69,67,14,19,19,15,0,0,39,31,75,0,51,96,151,1100,195,244,34,42,57,29,169,15,13,0,27,56,84,43,27,65
06037701201,47,0,45,15,34,23,55,9,11,51,121,115,101,118,128,688,1561,0,0,0,0,0,0,0,0,0,0,0,0,0,0,0,0,0,223,0,0,0,0,3,0,20,0,11,0,0,37,0,0,10,142,807,47,0,15,7,31,0,0,0,0,23,96,26,57,98,50,357,531,0,0,30,8,0,23,35,9,0,28,25,52,44,20,68,189
06037701601,40,48,70,104,32,28,40,57,61,107,253,147,162,120,161,462,1892,9,0,0,0,0,0,0,0,0,0,0,0,0,0,0,9,0,641,0,0,5,0,21,9,29,7,0,53,122,37,59,48,85,166,745,20,31,24,13,0,10,11,12,53,21,109,40,68,62,58,213,497,20,17,41,91,11,9,0,38,8,33,22,70,35,10,9,83
06037701902,157,400,158,109,63,49,102,42,82,108,215,229,278,124,93,318,2527,77,10,0,11,12,0,24,8,0,0,0,0,0,0,0,0,12,1257,104,38,9,13,34,12,55,13,59,65,72,165,278,82,50,208,610,24,105,25,13,0,13,39,0,11,43,106,64,0,42,27,98,583,19,257,113,71,29,0,0,29,12,0,37,0,0,0,16,0
06037920329,17,93,0,47,59,25,32,0,53,184,317,485,274,147,282,187,2202,37,0,0,0,0,0,0,0,0,0,0,0,37,0,0,0,0,691,0,32,0,19,13,0,0,0,14,111,103,162,62,22,143,10,1224,17,0,0,16,46,16,32,0,15,37,214,213,177,125,139,177,250,0,61,0,12,0,9,0,0,24,36,0,73,35,0,0,0
06037980013,0,0,0,0,0,0,0,0,0,0,0,0,0,0,0,0,0,0,0,0,0,0,0,0,0,0,0,0,0,0,0,0,0,0,0,0,0,0,0,0,0,0,0,0,0,0,0,0,0,0,0,0,0,0,0,0,0,0,0,0,0,0,0,0,0,0,0,0,0,0,0,0,0,0,0,0,0,0,0,0,0,0,0,0,0
06041102203,72,139,218,16,34,98,20,159,80,139,242,277,132,78,84,202,1990,0,0,0,0,0,0,0,0,0,0,0,0,0,0,0,0,0,544,10,23,68,16,11,52,0,83,20,45,79,51,0,22,45,19,1026,11,96,27,0,23,9,10,76,35,79,118,211,108,44,39,140,420,51,20,123,0,0,37,10,0,25,15,45,15,24,12,0,43
06041110100,95,187,121,73,92,55,40,12,85,102,137,272,142,144,224,573,2354,106,43,0,0,17,46,0,0,0,0,0,0,0,0,0,0,0,482,21,0,12,27,18,12,23,0,56,28,42,56,12,30,67,78,865,16,79,75,0,13,0,0,12,0,0,13,139,72,73,89,284,901,15,108,34,29,15,43,17,0,29,74,82,77,58,41,68,211
06041126100,14,71,42,29,24,26,88,70,56,164,152,163,296,223,283,766,2467,0,0,0,0,0,0,0,0,0,0,0,0,0,0,0,0,0,641,0,0,0,0,24,0,0,43,25,101,65,28,29,15,53,258,1189,0,56,0,0,0,13,45,27,0,34,15,57,206,101,168,467,637,14,15,42,29,0,13,43,0,31,29,72,78,61,107,62,41
06041126200,172,143,67,35,90,34,114,38,43,133,149,246,189,70,167,439,2129,15,0,0,0,0,0,0,0,0,0,0,0,0,15,0,0,0,404,0,47,0,0,19,0,43,0,17,23,17,59,0,0,40,139,838,79,0,13,0,0,0,53,0,26,14,78,129,113,34,50,249,872,93,96,54,35,71,34,18,38,0,96,54,58,61,36,77,51
06053013000,139,40,116,99,83,50,117,155,81,148,233,252,215,81,64,50,1923,119,33,0,0,11,11,9,44,0,0,11,0,0,0,0,0,0,841,65,0,20,32,38,21,0,47,19,68,162,132,169,41,19,8,544,31,20,49,35,9,11,21,45,34,48,36,92,15,19,45,34,419,10,20,47,21,25,9,52,63,28,21,35,28,31,21,0,8
06055200601,9,66,32,127,46,68,51,65,46,124,108,286,260,182,121,69,1660,27,0,0,0,0,0,0,0,0,0,0,8,0,19,0,0,0,515,0,10,0,9,0,50,0,7,0,7,65,111,63,104,61,28,704,0,18,0,60,0,18,23,21,46,23,19,145,178,61,60,32,414,9,38,32,58,46,0,28,37,0,94,16,30,0,17,0,9
06059062634,30,0,0,12,15,64,66,52,33,112,166,407,127,347,336,275,2042,24,0,0,0,0,0,0,0,0,0,0,0,24,0,0,0,0,724,8,0,0,0,0,37,55,8,25,78,39,105,23,128,104,114,1099,9,0,0,0,0,15,0,37,8,23,118,235,90,219,208,137,195,13,0,0,12,15,12,11,7,0,11,9,43,14,0,24,24
06059063008,59,28,11,0,15,6,6,0,15,12,59,64,83,16,46,102,522,32,32,0,0,0,0,0,0,0,0,0,0,0,0,0,0,0,80,22,0,0,0,0,0,0,0,0,0,11,7,28,0,5,7,154,5,18,0,0,0,0,0,0,0,0,11,27,18,0,7,68,256,0,10,11,0,15,6,6,0,15,12,37,30,37,16,34,27
06065045118,89,183,62,83,183,112,82,53,50,69,85,80,46,39,18,0,1234,99,12,21,16,0,50,0,0,0,0,0,0,0,0,0,0,0,328,0,47,0,83,77,26,40,8,0,0,36,0,11,0,0,0,400,28,54,31,0,36,71,33,45,0,0,27,52,10,13,0,0,407,49,61,15,0,20,15,9,0,50,69,22,28,25,26,18,0
06067005801,50,52,137,132,85,113,139,186,92,120,232,334,314,119,65,125,2295,46,0,0,33,0,0,0,0,0,0,0,13,0,0,0,0,0,442,16,14,0,13,14,0,56,18,13,0,68,80,122,12,0,16,1104,0,38,18,53,0,91,66,87,20,71,89,188,151,70,53,109,703,34,0,86,66,71,22,17,81,59,49,62,66,41,37,12,0
06067008507,0,0,0,14,21,34,46,41,8,81,248,282,320,86,198,13,1392,145,0,0,0,0,0,0,0,0,0,12,0,69,64,0,0,0,558,0,0,0,14,0,0,6,22,0,23,110,98,139,18,128,0,541,0,0,0,0,21,14,14,8,8,19,128,115,100,49,52,13,148,0,0,0,0,0,20,26,11,0,27,10,0,17,19,18,0
06073000300,122,252,82,73,134,168,114,87,80,256,141,498,254,77,146,144,2628,221,44,53,0,0,15,47,14,0,0,14,14,20,0,0,0,0,1074,52,55,0,0,36,100,32,5,48,80,76,304,126,47,84,29,735,10,51,18,0,71,21,37,16,19,101,51,131,112,15,19,63,598,16,93,64,73,12,0,31,66,13,61,0,43,16,15,43,52
06073017702,82,51,56,109,42,79,29,48,115,77,82,114,90,72,138,110,1294,26,5,0,16,0,0,0,0,0,0,5,0,0,0,0,0,0,534,59,21,7,35,0,34,19,15,64,6,63,64,39,44,52,12,560,18,24,18,74,20,39,10,14,43,49,19,50,21,20,74,67,174,0,6,15,0,22,6,0,19,8,17,0,0,30,8,12,31
06075015100,51,104,31,66,58,71,62,20,60,38,90,169,206,136,150,165,1477,72,0,0,0,0,0,9,0,0,9,7,26,0,0,21,0,0,548,23,20,0,0,12,19,9,10,21,0,32,58,110,66,84,84,300,0,9,0,47,0,9,11,0,0,11,10,49,47,29,35,43,557,28,75,31,19,46,34,42,10,30,20,22,62,49,20,31,38
06075016600,210,33,39,44,53,58,28,60,109,207,319,313,243,300,291,204,2511,159,81,0,0,0,0,0,0,0,33,0,25,20,0,0,0,0,1578,74,21,0,0,26,34,0,44,76,111,164,146,198,287,253,144,580,37,0,16,44,0,24,15,16,0,34,130,122,31,13,38,60,194,18,12,23,0,27,0,13,0,0,62,0,25,14,0,0,0
06075017801,357,762,307,91,56,12,13,42,0,32,7,104,117,60,64,203,2227,0,0,0,0,0,0,0,0,0,0,0,0,0,0,0,0,0,426,0,0,0,0,29,12,13,0,0,17,0,31,89,26,64,145,297,18,78,0,0,0,0,0,0,0,15,7,59,28,34,0,58,1504,339,684,307,91,27,0,0,42,0,0,0,14,0,0,0,0
06075020300,82,85,43,20,16,23,31,49,10,47,144,184,193,190,293,213,1623,19,0,0,0,0,8,0,0,0,0,0,0,0,0,0,0,11,963,14,42,0,0,0,15,9,8,0,24,92,131,125,117,232,154,452,38,16,26,20,0,8,22,0,10,17,41,45,51,73,37,48,189,30,27,17,0,8,0,0,41,0,6,11,8,17,0,24,0
06075021100,19,40,54,40,87,71,32,41,31,84,135,208,216,60,238,521,1877,15,0,0,0,0,0,0,0,0,0,0,15,0,0,0,0,0,879,8,40,0,0,18,29,12,32,20,16,57,111,77,11,82,366,707,0,0,54,27,25,0,20,0,0,68,27,84,89,49,148,116,276,11,0,0,13,44,42,0,9,11,0,36,13,50,0,8,39
06075022704,18,31,26,33,39,29,30,35,41,30,79,167,141,189,234,465,1587,9,9,0,0,0,0,0,0,0,0,0,0,0,0,0,0,0,828,9,12,0,0,8,7,0,9,7,0,59,83,73,101,161,299,516,0,19,12,20,0,12,11,0,34,12,9,64,68,38,73,144,234,0,0,14,13,31,10,19,26,0,18,11,20,0,50,0,22
06075031000,74,26,0,39,55,0,17,30,45,40,92,168,220,111,208,161,1286,5,0,0,0,0,0,0,0,0,0,0,5,0,0,0,0,0,203,0,0,0,0,0,0,0,0,8,10,0,49,53,15,46,22,703,0,20,0,39,25,0,10,17,14,21,51,45,125,82,125,129,375,74,6,0,0,30,0,7,13,23,9,36,74,42,14,37,10
06079011300,151,120,128,188,129,81,72,116,133,175,270,478,312,124,186,142,2805,577,87,58,56,115,28,26,13,18,48,0,24,70,21,0,13,0,685,6,35,0,14,59,12,11,24,25,68,64,117,116,26,66,42,934,34,27,14,17,14,43,22,60,11,80,133,207,103,63,37,69,609,24,0,58,42,28,0,26,14,49,27,49,84,72,35,70,31
06081607500,13,32,58,40,30,13,19,52,78,124,185,131,148,166,277,182,1548,44,0,9,0,0,10,0,0,0,25,0,0,0,0,0,0,0,752,0,0,0,7,10,10,7,19,0,21,57,108,107,66,210,130,523,13,23,35,21,0,3,0,24,17,49,93,14,41,71,67,52,229,0,0,23,12,10,0,12,9,36,54,35,9,0,29,0,0
06081610203,43,24,52,63,60,67,94,101,54,140,100,118,32,0,0,20,968,75,0,0,0,0,0,0,0,12,0,24,31,0,2,0,0,6,555,10,0,39,46,60,38,72,68,45,50,32,67,14,0,0,14,274,28,24,13,7,0,29,22,21,9,31,26,51,13,0,0,0,64,5,0,0,10,0,0,0,0,0,35,11,0,3,0,0,0
06085500600,108,160,36,83,55,111,31,52,89,119,243,132,263,130,312,304,2228,65,0,0,0,0,0,31,0,0,0,10,24,0,0,0,0,0,1101,84,0,12,13,55,69,10,52,42,73,145,70,152,92,130,102,854,12,90,0,43,0,11,11,0,47,26,74,53,91,38,170,188,208,12,70,24,27,0,0,10,0,0,10,0,9,20,0,12,14
06085502603,28,0,12,43,17,45,9,42,13,63,91,143,38,40,176,210,970,0,0,0,0,0,0,0,0,0,0,0,0,0,0,0,0,0,279,0,0,0,0,0,0,0,16,0,16,0,67,0,18,77,85,493,28,0,0,26,5,45,9,0,13,17,65,48,22,22,82,111,198,0,0,12,17,12,0,0,26,0,30,26,28,16,0,17,14
06085506801,27,70,60,40,38,13,74,35,32,126,105,264,209,114,224,777,2208,0,0,0,0,0,0,0,0,0,0,0,0,0,0,0,0,0,683,0,0,0,0,0,13,25,0,0,56,14,48,83,57,123,264,1075,27,50,43,0,38,0,32,20,17,53,33,123,76,38,54,471,450,0,20,17,40,0,0,17,15,15,17,58,93,50,19,47,42
06085507806,90,18,0,46,46,9,24,8,33,93,87,149,172,231,419,403,1828,26,19,0,0,7,0,0,0,0,0,0,0,0,0,0,0,0,775,37,0,0,39,0,0,9,0,32,45,23,53,107,135,184,111,811,24,6,0,0,0,9,0,8,1,18,49,74,65,96,203,258,216,10,12,0,0,46,0,15,0,0,30,15,22,0,0,32,34
06085511301,84,61,124,63,53,44,75,67,41,35,92,179,128,44,114,564,1768,36,0,10,0,0,0,0,26,0,0,0,0,0,0,0,0,0,633,0,27,55,28,18,0,0,53,30,12,53,93,95,12,63,94,563,46,24,37,25,35,0,0,14,11,14,0,55,9,26,0,267,536,38,0,32,10,0,44,49,0,0,9,39,31,24,6,51,203
06085511915,135,71,80,108,90,27,21,85,116,50,86,92,74,105,38,61,1239,12,0,0,0,0,0,0,0,0,0,12,0,0,0,0,0,0,544,51,0,10,52,33,0,0,85,101,11,0,47,33,76,11,34,366,30,45,15,31,57,9,0,0,15,0,46,24,32,29,6,27,317,54,26,55,25,0,18,21,0,0,27,40,21,9,0,21,0
06087100800,379,194,123,124,218,44,30,170,82,223,388,293,197,84,206,175,2930,437,150,15,20,15,0,0,15,45,16,115,46,0,0,0,0,0,1133,179,14,39,0,81,19,0,36,35,85,167,186,109,34,91,58,997,27,96,64,93,69,0,15,59,31,23,89,107,88,50,99,87,363,23,69,0,16,68,25,0,30,0,0,86,0,0,0,16,30
06097150901,137,150,27,160,42,58,105,29,163,169,89,455,102,99,115,82,1982,89,54,0,0,0,0,0,0,0,0,0,0,35,0,0,0,0,778,54,13,14,65,28,22,44,0,125,102,32,179,61,0,0,39,774,29,86,0,10,14,0,45,15,24,20,27,217,41,99,104,43,341,0,51,13,85,0,36,16,14,14,47,30,24,0,0,11,0
06097151700,22,77,67,237,79,173,139,220,186,240,297,337,238,221,140,98,2771,96,12,0,0,12,0,0,23,0,31,0,18,0,0,0,0,0,897,0,0,0,57,65,131,26,61,46,25,102,165,58,116,28,17,1034,10,65,34,94,14,28,23,84,53,101,107,85,81,105,83,67,744,0,12,33,74,0,14,67,75,56,114,70,87,99,0,29,14
06097153001,207,157,150,316,110,139,90,144,178,223,194,212,157,91,37,0,2405,182,13,0,11,0,11,77,0,0,0,61,9,0,0,0,0,0,962,18,55,77,198,10,37,66,46,113,40,120,128,40,0,14,0,814,82,60,15,66,60,11,0,80,16,122,27,75,98,79,23,0,447,94,42,47,52,29,14,24,18,49,0,38,9,19,12,0,0
06097153401,95,189,213,78,165,150,144,67,112,221,316,376,218,244,194,121,2903,61,0,0,0,0,0,0,6,0,0,0,55,0,0,0,0,0,752,0,112,69,15,39,42,57,18,42,98,34,118,16,40,32,20,1465,95,46,109,63,14,82,39,37,49,108,146,167,174,177,104,55,625,0,31,35,0,112,26,42,12,21,15,81,91,28,27,58,46
06111006800,13,29,78,19,26,13,69,28,42,59,148,234,93,121,76,197,1245,26,0,0,0,0,0,0,15,0,0,0,0,11,0,0,0,0,352,0,0,36,11,0,0,23,0,0,0,43,108,39,18,20,54,592,0,17,12,8,13,0,14,13,26,36,72,107,19,79,56,120,275,13,12,30,0,13,13,17,15,16,23,33,8,35,24,0,23
06113010501,189,48,72,137,176,16,74,89,26,44,46,27,29,28,0,30,1031,381,126,32,30,91,58,0,0,32,0,12,0,0,0,0,0,0,575,63,16,42,46,118,16,74,32,26,23,46,27,29,17,0,0,75,0,0,0,0,0,0,0,25,0,9,0,0,0,11,0,30,0,0,0,0,0,0,0,0,0,0,0,0,0,0,0,0,0
08005004952,250,136,110,46,62,42,35,32,85,136,245,143,106,0,43,11,1482,326,90,22,47,15,8,0,35,0,0,32,64,0,0,0,13,0,808,89,66,42,21,33,42,0,16,65,80,149,93,71,0,30,11,259,71,10,0,10,21,0,0,16,20,9,32,35,35,0,0,0,89,0,38,21,0,0,0,0,0,0,15,0,15,0,0,0,0
08013012203,377,113,268,135,166,293,187,108,175,276,298,367,80,72,207,183,3305,413,121,15,77,0,35,14,33,27,49,13,0,0,0,0,0,29,1364,88,58,57,78,48,113,26,81,72,202,215,114,28,46,73,65,1079,75,13,68,57,73,101,98,0,42,50,46,217,40,26,84,89,449,93,27,66,0,10,65,30,0,12,11,37,36,12,0,50,0
08013012204,290,204,153,62,135,46,115,58,55,63,104,213,66,63,51,97,1775,627,230,116,86,19,91,7,21,8,0,0,28,21,0,0,0,0,630,31,57,11,32,8,0,56,27,45,53,44,135,52,20,37,22,325,29,31,11,11,13,13,24,6,0,0,0,57,14,35,14,67,193,0,0,45,0,23,26,14,17,10,10,32,0,0,8,0,8
08031002703,404,205,191,266,198,356,309,85,172,342,454,202,133,58,66,0,3441,427,47,26,49,24,9,22,95,0,35,12,58,50,0,0,0,0,2107,184,77,72,166,165,297,196,58,109,244,301,137,61,0,40,0,730,146,46,56,76,11,12,18,27,15,86,95,15,58,43,26,0,177,27,56,14,0,13,25,0,0,13,0,0,0,14,15,0,0
08031003800,426,153,207,105,57,71,70,162,62,284,159,262,325,109,429,761,3642,132,82,0,0,0,0,0,0,0,10,40,0,0,0,0,0,0,1229,52,28,26,46,0,13,45,72,28,150,48,122,108,63,164,264,1236,159,17,41,31,32,33,0,50,11,55,92,129,161,0,84,341,1045,133,108,140,28,25,25,25,40,13,39,19,11,56,46,181,156
08031006809,391,92,83,100,175,298,178,216,158,321,119,358,124,65,523,310,3511,223,59,0,0,0,24,95,0,0,0,8,37,0,0,0,0,0,1369,168,11,13,25,100,66,61,91,72,210,59,128,18,39,243,65,1282,107,12,36,49,16,100,83,88,25,56,23,177,74,26,207,203,637,57,69,34,26,35,37,34,37,61,47,0,53,32,0,73,42
08035014139,19,31,30,24,52,29,34,56,42,153,109,295,218,172,125,190,1579,6,6,0,0,0,0,0,0,0,0,0,0,0,0,0,0,0,413,0,6,0,0,0,7,0,0,5,7,41,147,59,59,32,50,604,13,0,0,0,0,9,0,28,0,8,0,92,151,113,73,117,556,0,25,30,24,52,13,34,28,37,138,68,56,8,0,20,23
08041005108,17,56,31,23,150,79,16,62,161,192,412,406,485,400,224,69,2783,96,0,16,0,0,0,17,0,0,0,0,63,0,0,0,0,0,1131,17,13,0,23,67,52,16,0,94,63,255,261,72,110,54,34,1319,0,27,31,0,25,10,0,35,37,129,43,125,375,277,170,35,237,0,0,0,0,58,0,0,27,30,0,51,20,38,13,0,0
08059009807,33,50,23,38,26,55,43,31,27,86,92,111,65,21,42,18,761,12,0,0,0,0,0,0,0,0,0,0,12,0,0,0,0,0,168,0,0,0,6,0,0,0,24,11,0,10,58,31,15,13,0,319,19,13,0,5,7,51,22,4,6,32,40,49,20,6,27,18,262,14,37,23,27,19,4,21,3,10,54,30,4,14,0,2,0
08059011601,156,141,77,75,88,108,69,41,79,50,139,156,129,13,20,37,1378,114,6,24,30,0,17,0,0,0,25,0,0,12,0,0,0,0,551,88,81,8,62,24,49,41,30,47,10,38,46,17,0,0,10,473,45,16,34,13,23,20,23,11,0,20,85,75,48,13,20,27,240,17,20,5,0,24,39,5,0,7,20,16,23,64,0,0,0
08059012054,0,20,39,8,30,104,81,55,41,77,177,198,211,85,223,252,1601,40,0,0,0,0,7,8,25,0,0,0,0,0,0,0,0,0,386,0,11,7,0,0,41,6,0,33,0,40,60,73,8,66,41,878,0,9,9,0,8,29,37,45,0,51,94,88,119,46,150,193,297,0,0,23,8,15,26,13,10,8,26,43,50,19,31,7,18
09001010600,53,41,72,21,15,0,7,7,0,58,81,81,75,107,55,236,909,19,0,6,0,7,0,0,0,0,0,0,0,0,0,0,0,6,378,7,35,22,0,15,0,0,0,0,39,64,0,37,19,39,101,351,40,0,21,8,0,0,0,0,0,10,17,43,25,72,8,107,161,6,0,29,6,0,0,7,7,0,9,0,38,13,16,8,22
09001030400,73,8,6,23,26,21,63,47,8,33,51,119,94,155,149,446,1322,0,0,0,0,0,0,0,0,0,0,0,0,0,0,0,0,0,449,13,0,0,0,0,0,0,23,0,16,11,34,10,57,48,237,534,39,0,0,23,0,6,25,0,0,17,21,23,69,67,73,171,339,21,8,6,0,26,15,38,24,8,0,19,62,15,31,28,38
09001050400,45,13,25,4,28,20,16,27,59,60,53,51,49,75,35,339,899,21,0,0,0,0,0,0,0,21,0,0,0,0,0,0,0,0,221,12,6,0,4,28,0,0,0,5,32,32,11,12,21,4,54,425,27,0,25,0,0,15,4,0,27,12,8,9,0,41,13,244,232,6,7,0,0,0,5,12,6,27,16,13,31,37,13,18,41
09001061400,38,73,25,106,29,29,11,20,36,98,133,136,130,124,61,113,1162,29,10,9,0,10,0,0,0,0,0,0,0,0,0,0,0,0,412,0,0,14,21,11,8,0,0,7,51,50,35,80,83,32,20,584,18,64,0,35,9,12,11,20,22,30,59,101,50,41,19,93,137,10,0,11,40,9,9,0,0,7,17,24,0,0,0,10,0
09001210500,170,114,160,87,125,15,191,86,118,291,87,375,576,238,177,282,3092,58,0,0,37,0,0,0,0,10,0,0,0,11,0,0,0,0,1116,22,15,40,0,42,0,75,0,13,128,87,124,263,112,70,125,1214,74,67,18,33,27,0,44,14,60,107,0,188,269,94,79,140,704,74,32,65,54,56,15,72,62,45,56,0,52,44,32,28,17
09003500500,218,122,0,35,58,8,19,35,28,73,72,41,44,8,0,5,766,7,0,0,0,0,0,0,0,0,0,0,7,0,0,0,0,0,329,26,23,0,0,27,8,4,35,27,41,54,37,34,8,0,5,132,60,25,0,10,0,0,0,0,1,23,5,4,4,0,0,0,298,132,74,0,25,31,0,15,0,0,9,6,0,6,0,0,0
09003520302,48,119,195,46,72,96,38,38,45,132,202,213,308,116,131,78,1877,27,0,0,0,0,0,0,0,0,0,0,27,0,0,0,0,0,504,0,0,17,0,0,48,0,19,22,41,58,54,129,62,37,17,703,10,12,14,23,23,16,29,10,6,33,78,141,150,17,94,47,643,38,107,164,23,49,32,9,9,17,58,39,18,29,37,0,14
09009150800,54,63,47,64,51,30,115,43,65,74,101,268,139,192,110,161,1577,46,7,0,8,0,0,0,24,0,7,0,0,0,0,0,0,0,386,8,0,0,0,0,0,0,10,11,6,17,129,30,99,22,54,690,17,19,9,10,7,7,18,19,33,59,44,106,88,78,69,107,455,22,44,30,54,44,23,73,14,14,9,40,33,21,15,19,0
11001000400,12,12,10,9,0,5,14,3,5,63,23,22,41,4,47,333,603,15,0,0,0,0,0,0,0,3,5,7,0,0,0,0,0,0,171,3,0,5,0,0,5,0,0,0,33,18,15,32,0,18,42,219,0,12,0,0,0,0,4,0,0,5,0,7,9,0,0,182,198,9,0,5,9,0,0,10,0,0,18,5,0,0,4,29,109
11001001100,58,27,40,15,12,25,72,62,88,21,30,171,364,115,201,691,1992,99,45,11,11,0,0,0,11,0,15,0,0,0,0,0,6,0,524,0,16,0,0,0,11,33,0,0,10,0,73,143,29,51,158,772,13,0,14,15,12,0,0,0,1,0,14,58,149,17,70,409,597,0,0,15,0,0,14,28,62,72,11,16,40,72,69,74,124
11001005201,261,126,108,20,89,134,278,49,64,201,401,422,479,225,453,791,4101,229,66,0,0,10,26,48,15,0,0,16,0,37,11,0,0,0,2680,158,30,78,10,9,46,119,33,25,146,339,302,330,169,381,505,970,14,54,14,0,45,40,126,16,26,23,54,75,120,52,64,247,222,23,42,16,0,9,0,18,0,13,16,8,8,18,4,8,39
11001010800,312,24,63,70,58,16,11,63,6,27,91,91,51,3,22,5,913,373,197,16,46,13,0,16,0,34,6,6,12,27,0,0,0,0,398,113,0,11,29,48,0,0,16,0,16,57,51,42,3,12,0,56,2,0,0,0,10,0,0,0,0,0,12,13,9,0,10,0,86,0,8,6,28,0,0,11,13,0,5,10,0,0,0,0,5
12011030203,137,18,88,77,134,103,131,35,123,127,236,134,112,86,0,20,1561,83,0,0,0,0,17,0,9,0,0,0,0,0,57,0,0,0,499,19,0,0,49,65,0,59,26,46,33,78,68,14,23,0,19,747,72,0,57,8,24,97,63,0,53,79,142,47,41,63,0,1,232,46,18,31,20,28,6,0,9,24,15,16,19,0,0,0,0
12011061002,129,84,151,112,14,63,129,188,202,332,366,524,341,231,126,456,3448,99,35,0,0,30,0,9,0,0,0,24,0,1,0,0,0,0,1219,23,0,19,52,0,14,10,51,91,151,118,271,209,85,11,114,1610,71,69,118,13,0,25,119,91,85,103,142,179,102,133,72,288,520,0,15,14,17,14,15,0,46,26,54,106,73,30,13,43,54
12011070210,94,144,154,94,65,122,55,85,109,80,62,130,166,18,54,11,1443,0,0,0,0,0,0,0,0,0,0,0,0,0,0,0,0,0,328,34,0,0,0,7,25,0,0,6,0,41,76,113,8,18,0,453,36,29,29,7,7,45,30,34,32,62,13,54,49,10,13,3,662,24,115,125,87,51,52,25,51,71,18,8,0,4,0,23,8
12011110332,39,39,71,12,37,78,17,69,69,33,271,366,197,95,166,193,1752,0,0,0,0,0,0,0,0,0,0,0,0,0,0,0,0,0,650,0,20,0,0,37,13,0,11,19,0,204,108,81,69,57,31,719,18,0,0,0,0,20,17,28,50,20,39,177,102,26,81,141,383,21,19,71,12,0,45,0,30,0,13,28,81,14,0,28,21
12021010205,46,57,31,74,13,51,66,63,59,82,60,103,91,52,57,262,1167,13,0,0,0,13,0,0,0,0,0,0,0,0,0,0,0,0,125,0,0,0,0,0,30,31,7,0,0,12,0,18,0,0,27,495,22,22,8,14,0,0,24,0,31,48,22,53,51,39,31,130,534,24,35,23,47,13,21,11,56,28,34,26,50,22,13,26,105
12057006000,29,100,56,16,38,85,31,41,30,78,30,206,262,182,339,421,1944,85,0,18,15,16,19,17,0,0,0,0,0,0,0,0,0,0,731,0,60,0,0,0,41,31,19,13,70,18,82,97,65,152,83,942,29,0,21,0,0,27,0,0,17,8,12,103,123,117,187,298,186,0,22,20,0,19,0,0,22,0,0,0,21,42,0,0,40
12086000133,142,103,62,66,46,72,74,77,56,74,193,539,509,212,346,413,2984,18,0,0,0,0,0,0,0,0,0,0,18,0,0,0,0,0,946,0,0,0,0,46,0,26,19,37,0,40,200,207,99,180,92,1225,76,22,23,28,0,72,48,37,0,24,115,189,213,61,98,219,795,66,81,39,38,0,0,0,21,19,50,20,150,89,52,68,102
12086001203,359,108,244,300,160,166,277,219,85,156,224,182,61,10,62,14,2627,71,25,0,33,0,0,0,0,0,0,0,13,0,0,0,0,0,1310,162,21,90,226,72,133,62,167,43,76,121,49,24,10,40,14,857,145,21,92,16,75,33,167,11,31,50,90,94,10,0,22,0,389,27,66,29,58,13,0,48,41,11,30,0,39,27,0,0,0
12086003703,65,0,0,107,5,45,6,6,0,50,110,155,58,30,23,91,751,74,53,0,0,3,0,0,0,0,0,0,0,18,0,0,0,0,573,0,0,0,90,5,38,0,0,0,21,110,132,58,30,23,66,98,12,0,0,14,0,7,6,6,0,29,0,5,0,0,0,19,6,0,0,0,0,0,0,0,0,0,0,0,0,0,0,0,6
12086004301,67,68,50,114,28,51,49,36,64,14,157,179,201,71,72,40,1261,46,23,0,0,0,0,0,0,0,0,0,23,0,0,0,0,0,687,37,0,16,0,8,9,42,10,37,14,111,117,179,50,17,40,375,7,58,26,25,20,36,0,0,27,0,23,55,22,21,55,0,153,0,10,8,89,0,6,7,26,0,0,0,7,0,0,0,0
12086980300,0,0,0,0,0,0,0,0,0,0,0,0,0,4,0,0,4,0,0,0,0,0,0,0,0,0,0,0,0,0,0,0,0,0,4,0,0,0,0,0,0,0,0,0,0,0,0,0,4,0,0,0,0,0,0,0,0,0,0,0,0,0,0,0,0,0,0,0,0,0,0,0,0,0,0,0,0,0,0,0,0,0,0,0,0
12095016301,231,142,285,307,183,239,86,81,101,308,136,155,63,109,119,68,2613,187,129,0,15,43,0,0,0,0,0,0,0,0,0,0,0,0,842,68,13,54,124,84,38,50,31,88,65,94,85,0,48,0,0,812,21,81,60,83,54,60,36,34,0,114,26,31,29,10,105,68,772,13,48,156,57,45,141,0,16,13,129,16,39,34,51,14,0
12099000304,128,103,69,133,139,226,105,165,164,190,376,297,101,74,98,38,2406,56,15,0,0,21,12,8,0,0,0,0,0,0,0,0,0,0,903,36,9,21,56,60,81,42,50,63,74,111,115,61,37,87,0,804,30,16,13,40,15,87,42,98,45,65,136,169,27,0,11,10,643,47,78,35,16,52,50,21,17,56,51,129,13,13,37,0,28
12099001802,60,74,76,126,176,128,104,224,66,144,160,154,95,80,13,113,1793,212,0,0,30,36,0,18,0,81,0,0,0,19,28,0,0,0,362,16,25,3,40,48,18,29,59,9,9,11,13,6,67,0,9,644,44,26,21,31,34,41,75,17,57,76,78,69,25,13,0,37,575,0,23,22,19,94,51,0,67,0,59,71,53,36,0,13,67
12099007602,92,129,116,98,119,86,104,97,69,130,170,196,132,72,33,37,1680,163,17,12,0,16,0,14,28,14,13,10,14,12,13,0,0,0,699,49,70,63,40,29,53,49,66,36,46,49,65,54,5,11,14,551,5,21,32,19,44,0,27,17,6,58,79,96,57,49,22,19,267,21,26,21,23,46,19,0,0,14,16,28,23,8,18,0,4
12115000101,194,184,227,124,90,19,101,91,40,137,134,329,115,85,67,218,2155,15,0,0,0,0,9,0,0,0,0,6,0,0,0,0,0,0,146,0,0,0,0,0,0,0,5,7,42,10,20,0,48,14,0,639,70,85,15,54,0,19,0,15,20,18,58,127,36,25,27,70,1355,124,99,212,70,81,0,101,71,13,71,66,182,79,12,26,148
13051003501,228,114,154,102,81,57,61,49,36,55,64,27,24,43,0,0,1095,6,6,0,0,0,0,0,0,0,0,0,0,0,0,0,0,0,477,42,25,75,65,35,35,39,31,10,32,22,9,14,43,0,0,430,117,50,74,26,32,15,22,6,19,9,32,18,10,0,0,0,182,63,39,5,11,14,7,0,12,7,14,10,0,0,0,0,0
13067030334,45,0,7,43,16,13,15,30,46,119,52,234,204,88,115,177,1204,0,0,0,0,0,0,0,0,0,0,0,0,0,0,0,0,0,368,31,0,0,33,0,0,0,0,0,30,0,65,96,34,40,39,525,6,0,0,4,6,0,0,7,13,35,26,109,81,45,75,118,311,8,0,7,6,10,13,15,23,33,54,26,60,27,9,0,20
13067030405,169,107,146,293,179,324,239,146,252,158,237,325,88,157,30,38,2888,125,15,0,0,0,0,31,35,17,0,12,15,0,0,0,0,0,1641,67,41,32,206,124,224,114,74,172,58,122,168,88,114,16,21,712,87,24,51,31,0,42,76,55,43,58,55,130,0,29,14,17,410,0,42,63,56,55,27,14,0,37,30,45,27,0,14,0,0
13121001300,220,54,50,106,120,179,104,127,69,190,187,162,204,161,124,176,2233,162,38,31,0,9,0,0,28,21,0,35,0,0,0,0,0,0,1366,74,23,23,83,106,153,39,67,69,134,115,104,97,113,56,110,575,108,0,27,0,0,26,37,39,0,21,55,47,79,22,58,56,130,0,0,0,14,14,0,0,0,0,0,17,11,28,26,10,10
13121009502,196,135,157,60,95,69,87,26,87,141,113,298,161,56,25,161,1867,137,0,11,0,0,0,10,10,26,0,9,13,52,6,0,0,0,628,68,0,66,0,0,43,15,0,72,103,55,15,130,36,25,0,422,0,26,14,19,0,0,21,0,15,0,45,173,0,20,0,89,680,128,98,77,41,95,16,41,0,0,29,0,58,25,0,0,72
13121011616,77,15,26,195,94,96,142,107,74,249,200,288,258,119,183,60,2183,150,0,0,0,0,0,0,0,42,0,34,74,0,0,0,0,0,1157,43,0,15,0,94,58,119,31,26,195,110,119,158,46,105,38,700,0,0,0,195,0,30,3,0,21,12,16,169,100,73,59,22,176,34,15,11,0,0,8,20,34,27,8,0,0,0,0,19,0
13245010106,163,98,237,196,327,253,161,200,84,393,290,137,93,0,56,18,2706,265,90,0,50,22,0,0,0,71,0,32,0,0,0,0,0,0,1252,39,48,54,70,241,101,109,98,61,168,188,24,31,0,20,0,848,21,50,55,23,65,139,52,31,0,161,78,89,30,0,36,18,341,13,0,78,81,21,13,0,0,23,32,24,24,32,0,0,0
15003000500,26,20,0,48,53,45,19,58,61,104,81,108,91,74,145,356,1289,8,8,0,0,0,0,0,0,0,0,0,0,0,0,0,0,0,200,10,0,0,0,11,10,0,0,0,23,21,0,8,33,8,76,537,0,0,0,8,7,0,19,30,21,45,43,52,44,29,82,157,544,8,20,0,40,35,35,0,28,40,36,17,56,39,12,55,123
15003011105,28,21,0,50,11,69,58,130,12,123,201,234,255,61,165,113,1531,16,0,0,0,0,0,0,0,0,0,0,16,0,0,0,0,0,503,0,10,0,0,0,0,0,58,0,32,91,118,102,45,30,17,749,28,0,0,40,11,69,48,61,12,84,83,81,72,16,59,85,263,0,11,0,10,0,0,10,11,0,7,11,35,81,0,76,11
15009031900,29,118,42,115,47,105,82,72,41,174,190,89,156,125,66,63,1514,12,7,0,0,0,0,0,0,5,0,0,0,0,0,0,0,0,421,0,0,0,68,9,10,49,10,11,79,66,52,23,29,15,0,591,22,82,0,0,23,55,25,35,1,52,62,22,83,62,21,46,490,0,36,42,47,15,40,8,22,29,43,62,15,50,34,30,17
17031030101,394,172,107,111,200,76,190,38,95,171,227,205,108,62,128,43,2327,145,55,23,0,0,67,0,0,0,0,0,0,0,0,0,0,0,832,136,37,11,72,70,13,70,11,59,78,155,55,36,0,23,6,902,73,62,66,21,63,46,91,27,36,78,29,115,60,26,90,19,448,130,50,30,18,0,17,29,0,0,15,43,35,12,36,15,18
17031081403,331,31,186,71,88,196,60,187,118,268,641,551,697,60,407,802,4694,230,13,0,0,0,42,23,0,56,0,38,22,0,36,0,0,0,2881,298,31,68,43,46,173,46,69,60,187,434,452,433,16,200,325,1154,20,0,102,28,0,0,0,0,58,21,78,89,191,29,167,371,429,0,0,16,0,0,0,14,62,0,22,107,10,37,15,40,106
17031081600,196,39,40,23,25,64,107,26,42,114,293,307,146,188,176,463,2249,165,40,12,0,0,11,18,10,0,0,0,62,12,0,0,0,0,1391,146,0,17,11,0,32,70,12,27,38,198,269,55,130,152,234,397,10,27,10,0,0,0,0,14,0,48,19,12,78,58,0,121,296,0,0,13,12,14,14,27,0,15,28,14,14,13,0,24,108
17031120200,55,102,30,24,53,56,53,45,50,65,158,160,190,130,237,214,1622,9,0,0,0,9,0,0,0,0,0,0,0,0,0,0,0,0,459,0,13,0,0,0,31,29,22,0,9,62,48,59,43,72,71,641,31,0,0,8,8,8,0,23,23,26,36,74,106,60,142,96,513,24,89,30,7,45,17,24,0,27,30,60,38,25,27,23,47
17031280100,144,26,39,99,25,27,66,90,61,211,456,566,661,367,404,464,3706,286,37,15,0,0,0,0,15,0,0,14,100,105,0,0,0,0,2828,98,11,20,99,25,13,51,58,31,182,273,379,557,298,348,385,512,9,0,0,0,0,0,0,32,30,15,83,72,77,69,56,69,80,0,0,19,0,0,14,0,0,0,0,0,10,27,0,0,10
17031805502,14,30,40,40,36,20,30,79,47,61,60,180,166,106,88,331,1328,5,0,0,0,0,5,0,0,0,0,0,0,0,0,0,0,0,243,0,0,26,0,0,13,0,0,34,0,0,16,28,24,30,72,683,7,0,6,8,8,0,9,33,0,8,28,111,111,64,37,253,397,7,30,8,32,23,7,21,46,13,53,32,53,27,18,21,6
17031808900,93,28,33,33,86,79,40,17,51,48,143,135,189,121,173,430,1699,9,9,0,0,0,0,0,0,0,0,0,0,0,0,0,0,0,478,0,9,13,0,57,13,25,4,16,8,56,16,51,19,50,141,790,79,6,7,0,0,42,0,7,29,19,43,64,98,77,85,234,422,5,13,13,33,29,24,15,6,6,21,44,55,40,25,38,55
17031809400,637,100,117,101,150,159,73,160,93,192,103,219,148,134,134,369,2889,417,312,0,11,0,22,36,0,36,0,0,0,0,0,0,0,0,1021,283,52,38,84,0,44,0,14,70,111,14,50,85,78,48,50,700,42,11,33,17,24,0,13,58,12,68,8,72,36,37,33,236,751,0,37,35,0,104,79,60,52,11,13,81,97,27,19,53,83
17031809900,76,8,19,9,18,16,11,30,30,71,129,179,179,108,140,353,1376,20,14,0,0,0,0,0,0,0,0,0,0,6,0,0,0,0,609,62,8,0,0,10,0,11,30,10,36,61,117,62,65,63,74,508,0,0,19,9,8,12,0,0,9,35,39,39,47,31,38,222,239,0,0,0,0,0,4,0,0,11,0,29,17,70,12,39,57
17031819500,106,102,69,100,70,17,12,36,93,120,123,211,170,42,89,54,1414,0,0,0,0,0,0,0,0,0,0,0,0,0,0,0,0,0,475,0,33,9,25,26,0,0,15,47,41,23,63,109,33,39,12,602,51,24,20,40,0,3,12,21,46,49,90,107,44,9,44,42,337,55,45,40,35,44,14,0,0,0,30,10,41,17,0,6,0
17031829402,155,58,51,135,66,157,67,63,90,162,220,168,25,25,14,0,1456,28,0,0,0,28,0,0,0,0,0,0,0,0,0,0,0,0,399,20,9,0,15,0,24,12,39,40,24,129,77,3,0,7,0,614,105,25,21,32,32,100,36,6,43,41,38,81,22,25,7,0,415,30,24,30,60,34,33,19,18,7,97,53,10,0,0,0,0
17031841900,86,36,0,21,25,20,7,53,44,151,187,136,198,44,235,326,1569,39,11,0,0,11,0,0,0,0,0,10,0,7,0,0,0,0,1193,70,27,0,10,25,20,7,26,36,105,161,85,166,44,181,230,307,5,9,0,0,0,0,0,27,8,32,26,35,26,0,54,85,30,0,0,0,0,0,0,0,0,0,4,0,9,6,0,0,11
17043842702,133,55,31,70,54,69,88,44,98,267,251,231,212,107,165,172,2047,166,42,0,0,0,0,10,0,0,0,50,35,16,0,13,0,0,742,26,0,0,36,7,38,29,6,52,152,72,98,54,39,86,47,834,0,0,26,21,29,0,25,38,46,42,125,91,151,48,79,113,305,65,55,5,13,18,21,34,0,0,23,19,26,7,7,0,12
17043842800,65,30,42,44,44,49,9,18,17,109,115,214,174,233,213,188,1564,0,0,0,0,0,0,0,0,0,0,0,0,0,0,0,0,0,436,0,0,13,9,7,0,0,0,0,34,41,92,85,87,52,16,682,0,0,9,7,0,0,0,10,9,66,48,48,76,116,136,157,446,65,30,20,28,37,49,9,8,8,9,26,74,13,30,25,15
17097864403,36,29,30,22,32,15,30,10,7,45,50,159,149,89,272,555,1530,0,0,0,0,0,0,0,0,0,0,0,0,0,0,0,0,0,326,21,0,0,0,0,0,0,0,0,6,0,34,18,14,71,162,940,15,23,9,16,11,15,0,0,7,26,45,112,91,58,166,346,264,0,6,21,6,21,0,30,10,0,13,5,13,40,17,35,47
17097864904,7,76,30,72,11,42,0,50,46,60,64,158,111,106,76,193,1102,0,0,0,0,0,0,0,0,0,0,0,0,0,0,0,0,0,253,0,0,0,0,0,0,0,4,0,10,20,56,35,37,21,70,329,7,20,0,22,0,0,0,13,14,0,16,59,28,49,26,75,520,0,56,30,50,11,42,0,33,32,50,28,43,48,20,29,48
17197883700,150,66,71,63,68,82,49,61,30,133,100,183,34,25,47,0,1162,11,0,0,0,0,0,0,0,0,11,0,0,0,0,0,0,0,422,65,0,9,17,50,53,10,0,0,45,29,74,18,20,32,0,408,32,22,10,39,8,0,25,47,10,54,52,73,16,5,15,0,321,53,44,52,7,10,29,14,14,9,34,19,36,0,0,0,0
18057110906,69,0,0,11,0,25,11,49,65,144,202,197,465,344,244,242,2068,0,0,0,0,0,0,0,0,0,0,0,0,0,0,0,0,0,756,13,0,0,0,0,0,11,0,36,76,49,57,136,157,90,131,1050,56,0,0,11,0,9,0,16,29,13,76,123,283,169,154,111,262,0,0,0,0,0,16,0,33,0,55,77,17,46,18,0,0
18097320204,196,210,275,166,126,240,73,299,35,96,178,230,185,138,55,21,2523,497,13,135,87,24,60,0,0,46,12,11,27,13,27,31,11,0,1163,130,16,84,87,55,153,30,108,11,46,88,108,112,107,28,0,533,41,15,40,29,0,81,43,92,0,15,24,87,38,0,16,12,330,12,44,64,26,11,6,0,53,12,24,39,22,8,0,0,9
18141011505,101,36,202,93,91,143,43,114,66,59,154,151,87,38,45,27,1450,241,59,0,71,4,0,70,10,27,0,0,0,0,0,0,0,0,595,23,0,45,13,43,66,27,20,66,14,82,89,55,7,45,0,442,19,25,46,44,30,7,6,56,0,22,53,53,32,31,0,18,172,0,11,40,32,18,0,0,11,0,23,19,9,0,0,0,9
19153011114,135,139,124,138,49,143,123,218,100,158,221,298,99,52,47,76,2120,174,0,14,0,27,0,0,0,59,0,37,0,0,14,0,23,0,934,30,43,57,58,11,43,41,89,56,80,162,209,18,0,11,26,527,47,11,44,20,16,41,72,59,18,11,33,49,67,19,0,20,485,58,71,23,33,22,59,10,11,26,30,26,40,0,33,13,30
20091051803,80,28,121,78,161,160,105,49,132,184,341,293,83,47,40,47,1949,59,0,0,11,0,0,0,0,0,48,0,0,0,0,0,0,0,444,18,0,0,0,49,24,35,17,0,5,68,126,42,9,17,34,723,17,19,0,43,20,101,10,19,20,86,197,94,41,29,14,13,723,45,9,110,35,92,35,60,13,64,93,76,73,0,9,9,0
20091053007,10,29,0,71,67,48,53,85,46,193,206,368,315,86,169,94,1840,46,0,0,0,0,0,11,0,9,0,8,0,9,9,0,0,0,966,0,0,0,21,33,20,33,66,46,79,128,236,194,48,42,20,645,10,0,0,41,13,17,0,0,0,47,78,123,112,38,110,56,183,0,29,0,9,21,0,20,10,0,59,0,0,0,0,17,18
20091053201,0,15,43,22,19,14,40,49,34,21,72,204,76,69,153,136,967,8,0,0,0,0,0,0,0,0,8,0,0,0,0,0,0,0,203,0,0,0,0,8,0,5,7,11,0,15,64,32,11,26,24,443,0,4,5,0,5,4,13,26,4,6,32,104,19,39,91,91,313,0,11,38,22,6,10,22,16,11,15,25,36,25,19,36,21
20173010110,10,9,35,68,18,35,32,37,35,56,105,115,67,35,16,61,734,0,0,0,0,0,0,0,0,0,0,0,0,0,0,0,0,0,115,0,0,0,0,0,7,8,0,0,6,45,17,27,5,0,0,263,5,4,0,0,6,0,0,10,16,36,34,77,13,5,16,41,356,5,5,35,68,12,28,24,27,19,14,26,21,27,25,0,20
21067004204,160,31,116,146,121,100,87,108,54,220,342,272,292,110,109,22,2290,122,28,0,26,21,19,0,0,0,0,11,0,0,17,0,0,0,718,15,0,77,46,80,40,16,69,0,58,68,86,56,46,50,11,925,102,31,13,8,0,37,29,29,24,78,139,141,183,52,59,0,525,15,0,0,71,22,23,42,10,30,73,135,45,36,12,0,11
22033003801,177,106,115,148,58,119,226,223,321,192,284,311,221,88,107,401,3097,281,78,27,33,28,37,41,0,0,0,37,0,0,0,0,0,0,1247,83,17,67,69,0,63,79,109,153,58,214,114,113,0,13,95,915,0,33,0,19,21,0,77,34,136,22,6,144,82,68,52,221,654,16,29,15,32,0,15,70,80,32,75,64,53,26,20,42,85
22051022001,252,126,109,198,283,178,222,125,197,96,290,204,151,115,10,35,2591,350,83,0,0,30,0,92,0,46,36,25,38,0,0,0,0,0,1029,26,72,83,71,140,38,141,41,90,56,51,74,40,71,0,35,934,81,54,14,66,114,5,81,38,71,0,159,130,67,44,10,0,278,62,0,12,31,29,43,0,0,0,15,42,0,44,0,0,0
22071004900,288,50,86,49,28,47,15,0,0,14,80,0,24,0,0,21,702,66,51,0,0,15,0,0,0,0,0,0,0,0,0,0,0,0,222,93,7,10,0,14,30,4,0,0,3,37,0,24,0,0,0,320,108,37,53,34,14,17,0,0,0,0,36,0,0,0,0,21,94,36,6,23,0,0,0,11,0,0,11,7,0,0,0,0,0
22071011400,91,4,18,41,65,38,39,17,28,57,54,91,130,84,87,108,952,51,36,0,4,0,0,0,5,6,0,0,0,0,0,0,0,0,414,55,0,14,0,27,18,17,11,8,23,22,37,77,37,26,42,267,0,0,0,5,24,8,8,0,11,0,9,37,43,39,40,43,220,0,4,0,36,14,12,9,0,9,34,23,17,10,8,21,23
23005000600,364,102,102,114,40,81,45,64,52,62,133,84,38,18,11,26,1336,171,52,0,40,17,12,0,12,10,17,0,11,0,0,0,0,0,510,145,21,16,43,20,39,24,9,9,18,94,29,22,0,11,10,504,113,62,32,44,8,32,9,45,26,12,16,55,16,18,0,16,151,54,19,14,10,0,10,0,0,0,32,12,0,0,0,0,0
24027605402,163,117,51,80,209,185,109,39,314,66,404,519,360,364,555,190,3725,17,17,0,0,0,0,0,0,0,0,0,0,0,0,0,0,0,1620,38,0,30,18,62,62,65,0,132,0,269,335,152,111,309,37,1110,63,15,21,17,47,62,14,18,97,21,56,107,178,151,144,99,978,45,102,0,45,100,61,30,21,85,45,79,77,30,102,102,54
24031700826,13,16,29,38,29,46,61,52,73,73,276,250,331,226,432,608,2553,24,0,0,13,0,0,0,11,0,0,0,0,0,0,0,0,0,987,0,0,0,0,0,0,0,10,16,0,74,56,105,150,286,290,954,0,16,0,25,29,46,0,42,16,18,85,60,176,76,79,286,588,13,0,16,13,0,0,50,0,41,55,117,134,50,0,67,32
24031701213,86,47,65,34,37,58,72,90,16,280,197,283,397,485,434,686,3267,49,10,0,0,0,0,0,12,0,0,0,12,15,0,0,0,0,1285,28,0,0,0,0,20,17,0,0,90,113,129,220,252,191,225,1219,34,47,33,0,37,13,8,44,0,133,45,111,133,160,143,278,714,14,0,32,34,0,25,35,46,16,57,27,28,44,73,100,183
24031702500,257,106,125,191,61,155,157,191,90,203,430,484,354,210,300,173,3487,286,62,10,12,13,0,39,11,74,13,0,13,26,0,13,0,0,2027,52,14,44,87,21,20,58,88,15,173,339,362,310,125,203,116,851,42,60,69,48,18,35,63,24,42,30,64,96,44,72,87,57,323,101,22,0,43,22,61,25,5,20,0,14,0,0,0,10,0
24031705502,37,25,57,0,10,23,40,33,4,44,71,114,169,78,160,621,1486,0,0,0,0,0,0,0,0,0,0,0,0,0,0,0,0,0,240,7,0,0,0,0,0,0,33,0,0,28,0,12,18,15,127,772,30,23,42,0,8,9,25,0,0,36,3,51,73,16,82,374,474,0,2,15,0,2,14,15,0,4,8,40,63,84,44,63,120
24031705602,47,43,42,84,113,24,59,16,51,424,325,396,317,135,376,387,2839,101,0,0,14,0,0,0,0,0,0,57,30,0,0,0,0,0,1174,17,0,16,18,0,0,16,0,16,188,221,208,123,50,184,117,798,0,15,0,0,57,0,0,0,0,117,57,135,90,54,109,164,766,30,28,12,66,56,24,43,16,35,62,17,53,104,31,83,106
24510030200,112,59,65,59,70,85,23,8,15,43,27,141,126,54,87,126,1100,74,10,0,0,0,8,15,0,8,0,0,0,7,26,0,0,0,656,91,38,52,23,41,35,23,0,0,30,27,89,54,35,55,63,249,11,11,0,21,13,28,0,0,15,0,0,36,21,19,24,50,121,0,10,13,15,8,7,0,0,0,13,0,9,25,0,8,13
24510271501,90,28,59,39,45,23,17,73,95,103,222,140,129,220,237,342,1862,0,0,0,0,0,0,0,0,0,0,0,0,0,0,0,0,0,801,28,28,38,29,17,11,9,73,47,59,102,72,48,107,74,59,729,62,0,0,10,10,12,0,0,19,19,64,35,58,107,139,194,332,0,0,21,0,18,0,8,0,29,25,56,33,23,6,24,89
25009202101,6,6,11,0,10,0,10,0,24,27,111,91,111,110,109,131,757,15,0,0,0,0,0,0,0,0,0,0,0,15,0,0,0,0,248,0,0,0,0,10,0,0,0,0,0,41,41,47,58,44,7,374,0,6,0,0,0,0,10,0,12,16,62,23,42,50,37,116,120,6,0,11,0,0,0,0,0,12,11,8,12,22,2,28,8
25009254200,144,183,162,72,86,26,97,17,31,125,87,130,157,94,249,260,1920,17,0,0,0,0,0,0,0,0,6,11,0,0,0,0,0,0,468,12,5,26,15,9,11,30,0,0,25,23,16,45,34,136,81,871,115,29,36,16,61,0,53,12,14,36,64,65,91,53,76,150,564,17,149,100,41,16,15,14,5,11,53,0,49,21,7,37,29
25017336100,87,106,62,85,129,41,54,102,87,101,223,348,203,216,382,173,2399,32,0,0,0,0,0,0,0,0,0,0,8,14,0,10,0,0,723,0,0,0,0,69,11,0,28,43,19,62,83,44,100,107,157,953,28,12,12,25,23,14,14,51,34,30,63,192,128,78,233,16,691,59,94,50,60,37,16,40,23,10,52,90,59,31,28,42,0
25017350700,288,133,148,173,166,123,59,37,70,308,210,405,373,154,170,60,2877,286,47,11,33,0,41,0,0,0,0,13,0,49,0,21,71,0,1155,40,14,43,50,14,0,14,14,35,120,82,203,316,120,48,42,774,136,46,29,30,79,53,15,23,17,82,67,111,57,0,29,0,662,65,62,43,93,32,70,30,0,18,93,61,42,0,13,22,18
25017351203,55,65,102,15,0,73,49,116,47,152,199,469,196,66,181,110,1895,228,0,13,16,0,0,0,0,37,11,13,35,73,8,22,0,0,1074,33,22,51,0,0,0,49,18,27,61,98,257,147,44,157,110,331,11,0,0,0,0,49,0,22,0,55,53,76,41,0,24,0,262,11,30,35,15,0,24,0,39,9,23,13,63,0,0,0,0
25017353400,57,86,29,47,0,10,71,31,91,87,163,281,83,37,108,118,1299,93,0,0,0,0,0,0,9,0,27,0,8,36,7,0,6,0,562,0,8,0,15,0,0,42,9,30,51,70,117,53,31,58,78,524,57,46,21,32,0,10,20,10,34,26,69,109,9,6,35,40,120,0,32,8,0,0,0,0,12,0,10,16,19,14,0,9,0
25017354600,108,37,123,94,102,21,53,93,63,165,270,402,276,108,187,187,2289,24,0,0,0,0,0,0,0,11,0,13,0,0,0,0,0,0,991,57,37,0,0,102,0,0,21,11,0,148,152,186,73,107,97,871,51,0,35,77,0,21,53,56,17,75,41,220,49,26,80,70,403,0,0,88,17,0,0,0,5,35,77,81,30,41,9,0,20
25017356702,47,157,109,83,86,154,9,122,46,141,254,527,159,229,321,430,2874,13,0,0,0,0,0,0,0,13,0,0,0,0,0,0,0,0,725,0,0,27,0,0,52,0,18,0,18,77,137,72,74,85,165,1212,29,0,0,35,0,0,9,44,32,25,130,270,38,146,236,218,924,18,157,82,48,86,102,0,47,14,98,47,120,49,9,0,47
25017359100,77,73,34,79,70,50,109,28,45,191,149,328,239,227,281,414,2394,32,0,0,0,0,17,0,0,0,0,0,15,0,0,0,0,0,711,0,0,0,34,0,23,52,0,10,39,37,155,38,70,79,174,980,20,54,0,10,0,0,10,10,0,82,50,94,147,96,187,220,671,57,19,34,35,53,27,47,18,35,70,47,79,54,61,15,20
25017366202,34,69,53,67,8,0,35,35,31,89,39,229,200,174,232,678,1973,0,0,0,0,0,0,0,0,0,0,0,0,0,0,0,0,0,317,0,0,0,0,0,0,11,0,0,14,0,0,14,28,70,180,945,9,20,0,0,8,0,9,0,31,19,30,129,122,110,105,353,711,25,49,53,67,0,0,15,35,0,56,9,100,64,36,57,145
25017373300,56,29,12,61,10,10,34,46,61,48,74,138,137,135,107,182,1140,12,0,0,0,0,0,0,0,0,0,0,0,12,0,0,0,0,475,0,0,12,36,0,0,16,13,61,11,43,66,43,47,9,118,351,27,10,0,10,0,10,0,11,0,15,0,27,64,69,60,48,302,29,19,0,15,10,0,18,22,0,22,31,33,30,19,38,16
25017373800,184,42,95,68,29,110,68,62,37,29,142,304,240,106,309,560,2385,48,37,0,0,0,0,0,0,0,0,0,0,11,0,0,0,0,628,11,0,0,0,0,0,13,12,0,16,78,115,126,54,62,141,942,112,0,45,30,0,0,0,40,10,0,26,88,62,52,150,327,767,24,42,50,38,29,110,55,10,27,13,38,90,52,0,97,92
25017383600,126,115,153,103,186,38,48,111,123,69,171,290,224,183,359,76,2375,49,0,0,0,0,0,0,0,10,39,0,0,0,0,0,0,0,736,79,59,15,40,46,9,0,11,0,54,26,129,54,93,110,11,952,0,24,86,27,83,10,0,58,56,0,85,91,132,27,224,49,638,47,32,52,36,57,19,48,32,28,15,60,70,38,63,25,16
25021400100,279,155,83,93,123,17,16,46,73,232,76,234,127,128,161,411,2254,242,123,45,0,28,0,0,16,0,0,16,0,14,0,0,0,0,945,96,61,0,21,52,0,0,28,38,123,45,117,75,101,44,144,637,32,20,0,44,57,0,0,18,0,75,13,53,52,13,83,177,430,28,29,83,0,14,17,0,0,35,18,18,50,0,14,34,90
25021404202,36,9,13,10,6,20,13,12,15,9,78,66,107,97,209,453,1153,8,8,0,0,0,0,0,0,0,0,0,0,0,0,0,0,0,238,0,0,0,0,0,0,0,0,6,0,0,6,23,20,62,121,512,9,0,0,0,6,9,0,0,0,0,28,28,50,29,83,270,395,19,9,13,10,0,11,13,12,9,9,50,32,34,48,64,62
25021422200,40,59,110,113,124,284,136,220,138,232,233,493,258,259,256,111,3066,0,0,0,0,0,0,0,0,0,0,0,0,0,0,0,0,0,807,0,19,80,0,65,28,42,13,25,34,18,146,156,78,58,45,1273,0,17,14,38,32,111,21,71,0,102,111,275,89,172,164,56,986,40,23,16,75,27,145,73,136,113,96,104,72,13,9,34,10
25021443101,19,71,66,47,66,194,77,84,165,200,482,438,410,351,290,106,3066,78,0,0,0,0,0,47,0,0,0,0,31,0,0,0,0,0,955,0,0,17,0,0,17,0,21,92,54,121,220,94,131,139,49,1323,0,17,0,16,15,54,28,16,26,98,245,184,265,167,135,57,710,19,54,49,31,51,76,49,47,47,48,85,34,51,53,16,0
25023501202,44,62,22,117,86,109,139,63,98,144,177,227,183,238,345,641,2695,0,0,0,0,0,0,0,0,0,0,0,0,0,0,0,0,0,456,0,0,0,0,0,0,9,0,0,2,0,33,23,61,119,209,982,0,0,0,17,11,19,26,20,13,22,21,76,92,126,194,345,1257,44,62,22,100,75,90,104,43,85,120,156,118,68,51,32,87
25025000504,306,231,225,159,72,121,56,138,123,238,338,282,84,68,32,47,2520,561,170,9,94,11,38,19,16,22,53,54,25,25,13,0,12,0,1043,44,50,67,93,0,25,12,48,43,124,233,183,25,51,20,25,303,10,37,13,0,17,0,11,12,13,16,58,31,46,17,0,22,613,82,135,51,55,17,77,17,56,14,44,22,43,0,0,0,0
25025000802,477,198,166,122,163,49,189,18,149,188,180,200,216,139,75,79,2608,1023,376,144,82,74,111,12,55,0,0,57,39,52,9,12,0,0,912,66,12,13,43,23,14,72,0,63,58,117,79,136,127,49,40,516,15,33,39,0,22,23,51,11,72,49,24,69,54,0,15,39,157,20,9,32,5,7,0,11,7,14,24,0,0,17,0,11,0
25025010403,587,197,167,118,18,50,116,12,62,56,101,57,86,20,105,108,1860,434,218,67,75,38,0,0,20,0,16,0,0,0,0,0,0,0,722,220,13,24,21,18,0,31,0,0,0,60,57,86,20,86,86,333,30,21,27,0,0,29,65,12,46,37,41,0,0,0,3,22,371,119,96,41,59,0,21,0,0,0,19,0,0,0,0,16,0
25025040401,132,82,45,101,31,53,25,47,19,116,36,162,105,67,38,148,1207,12,12,0,0,0,0,0,0,0,0,0,0,0,0,0,0,0,458,29,0,0,33,0,32,0,0,0,46,28,61,105,33,38,53,397,41,53,0,0,31,10,25,8,8,70,8,57,0,12,0,74,340,50,29,45,68,0,11,0,39,11,0,0,44,0,22,0,21
25025070402,178,157,101,61,19,35,37,12,4,47,15,0,11,0,12,0,689,58,8,6,31,3,0,2,0,0,0,0,0,0,8,0,0,0,106,25,5,30,0,0,5,0,0,0,22,4,0,3,0,12,0,260,51,56,14,36,5,28,22,12,0,25,11,0,0,0,0,0,265,94,90,26,22,14,0,15,0,4,0,0,0,0,0,0,0
25025120400,113,149,64,31,0,39,69,67,115,106,477,442,371,115,395,265,2818,102,0,12,12,0,0,0,12,0,0,37,8,13,0,0,8,0,1150,74,42,15,0,0,0,19,0,37,15,274,216,117,90,155,96,1178,10,18,21,31,0,0,38,31,62,20,146,166,240,25,217,153,388,29,77,16,0,0,39,0,36,16,34,49,47,14,0,15,16
26125192400,81,57,21,115,24,14,30,47,47,165,175,280,269,181,185,219,1910,0,0,0,0,0,0,0,0,0,0,0,0,0,0,0,0,0,463,18,0,0,37,0,0,8,14,0,21,8,67,143,71,38,38,826,27,0,12,19,9,0,8,19,21,38,94,119,95,94,111,160,621,36,57,9,59,15,14,14,14,26,106,73,94,31,16,36,21
26125197702,105,5,88,69,18,14,6,15,57,89,109,139,113,75,45,40,987,8,0,0,0,0,0,0,0,4,0,0,0,4,0,0,0,0,666,66,0,22,50,0,0,0,5,22,59,79,125,105,72,45,16,198,11,0,37,3,0,14,0,6,30,30,30,10,8,3,0,16,115,28,5,29,16,18,0,6,0,5,0,0,0,0,0,0,8
26161404500,175,77,151,178,97,47,151,48,105,196,406,350,196,225,134,39,2575,379,32,0,0,25,42,11,39,0,0,0,116,15,48,40,0,11,1272,24,54,56,100,20,36,67,23,77,128,191,169,111,110,90,16,351,35,23,37,0,0,0,0,12,28,10,43,102,24,0,25,12,573,84,0,58,53,35,0,45,13,0,58,56,64,13,75,19,0
26161405300,81,31,16,17,51,20,8,48,20,60,66,186,240,198,266,691,1999,26,16,10,0,0,0,0,0,0,0,0,0,0,0,0,0,0,513,46,9,0,0,8,0,0,10,0,21,11,6,85,49,85,183,902,19,0,6,0,7,0,8,17,0,20,11,76,114,69,165,390,558,0,12,10,17,36,20,0,21,20,19,44,104,41,80,16,118
26163517500,553,295,148,97,78,107,38,46,97,48,0,16,26,0,0,0,1549,58,40,18,0,0,0,0,0,0,0,0,0,0,0,0,0,0,428,112,21,39,28,50,23,17,8,74,30,0,0,26,0,0,0,607,200,116,75,22,28,75,21,38,23,0,0,9,0,0,0,0,456,201,140,34,47,0,9,0,0,0,18,0,7,0,0,0,0
27053024004,98,124,241,295,85,218,87,124,118,175,219,328,165,111,98,21,2507,56,0,0,0,56,0,0,0,0,0,0,0,0,0,0,0,0,416,0,0,0,13,0,0,12,21,37,0,126,94,19,26,58,10,526,42,12,39,44,12,32,27,0,13,84,11,37,72,73,28,0,1509,56,112,202,182,73,186,48,103,68,91,82,197,74,12,12,11
27053026403,70,50,95,111,160,102,49,14,35,154,138,154,143,104,87,72,1538,23,15,0,0,0,0,0,0,0,0,0,8,0,0,0,0,0,546,0,0,0,12,8,54,12,0,17,64,80,45,94,49,48,63,455,15,0,6,53,37,0,24,0,0,49,16,103,49,55,39,9,514,40,50,89,46,115,48,13,14,18,41,34,6,0,0,0,0
27053026710,14,69,23,170,69,45,139,90,138,204,418,572,540,449,294,81,3315,40,0,0,0,0,11,0,0,0,14,0,15,0,0,0,0,0,1502,0,36,0,49,35,23,88,45,58,77,207,287,174,245,178,0,1285,14,16,0,41,0,0,27,15,16,92,144,238,320,177,104,81,488,0,17,23,80,23,22,24,30,50,35,52,47,46,27,12,0
27053109100,135,112,46,38,34,65,101,149,114,318,247,435,318,166,66,247,2591,181,31,30,0,0,0,14,12,25,0,27,42,0,0,0,0,0,1400,14,53,29,0,34,31,26,110,114,160,97,280,216,94,30,112,693,41,29,17,23,0,0,10,14,0,117,63,90,71,72,28,118,317,49,0,0,15,0,20,53,0,0,14,45,65,31,0,8,17
27053126200,103,38,54,59,16,40,39,49,27,99,105,337,473,248,128,348,2163,95,12,14,9,0,7,8,0,25,13,0,0,0,0,7,0,0,1346,69,7,32,42,0,32,14,24,14,77,48,207,341,136,88,215,649,22,17,13,17,9,0,6,0,0,22,35,125,120,105,30,128,73,0,0,0,0,0,0,19,0,0,0,22,5,12,0,10,5
29189217400,46,62,98,29,80,147,67,101,124,272,285,310,156,95,165,249,2286,140,0,0,0,0,0,10,12,0,14,15,13,51,16,0,9,0,1118,32,17,16,13,34,45,13,43,48,130,220,143,116,15,79,154,621,14,14,64,0,14,43,24,58,15,69,36,80,11,66,18,95,407,0,31,18,16,32,49,18,0,47,58,16,36,13,14,59,0
29189217842,66,35,74,68,189,46,120,326,51,197,197,182,258,215,469,476,2969,145,16,19,0,16,0,0,15,61,0,0,0,0,0,0,0,18,408,18,0,0,0,0,0,22,51,0,19,53,62,45,29,40,69,1472,32,16,12,36,15,0,51,141,51,72,98,89,140,95,320,304,944,0,0,62,16,174,46,32,73,0,106,46,31,73,91,109,85
31055006704,77,0,45,5,31,8,17,63,53,20,56,68,34,34,71,170,752,27,10,0,0,0,0,0,0,17,0,0,0,0,0,0,0,0,101,0,0,0,5,0,5,0,14,19,8,0,21,4,5,0,20,295,19,0,5,0,0,0,0,0,22,0,39,25,2,29,34,120,329,48,0,40,0,31,3,17,32,12,12,17,22,28,0,37,30
31109001301,87,57,93,145,113,138,109,104,70,120,178,158,126,96,76,49,1719,62,0,10,18,28,0,0,6,0,0,0,0,0,0,0,0,0,268,20,0,25,0,28,21,14,58,6,0,16,38,0,20,22,0,581,50,0,13,8,22,45,8,27,15,54,68,51,95,45,31,49,808,17,47,37,109,63,72,81,19,49,66,94,69,31,31,23,0
32003003104,233,142,152,112,142,21,126,154,60,93,96,181,49,28,0,0,1589,87,37,15,25,10,0,0,0,0,0,0,0,0,0,0,0,0,726,90,61,33,77,119,0,30,64,43,48,57,96,8,0,0,0,491,76,23,45,25,12,0,79,50,17,17,33,59,27,28,0,0,285,30,43,49,0,11,21,17,40,0,28,6,26,14,0,0,0
32003003418,122,83,186,118,130,116,85,113,86,215,183,80,71,65,14,9,1676,139,0,8,26,27,10,13,0,9,0,0,26,0,20,0,0,0,987,53,27,124,54,48,52,72,83,80,100,128,63,41,44,9,9,339,47,30,27,37,66,25,4,21,6,54,17,0,0,0,5,0,211,22,18,9,0,6,26,9,0,0,61,12,17,10,21,0,0
32003005333,40,0,7,17,17,23,58,21,6,77,83,128,129,145,93,50,894,0,0,0,0,0,0,0,0,0,0,0,0,0,0,0,0,0,232,10,0,0,5,0,0,13,6,6,5,10,22,85,31,30,9,449,24,0,0,7,0,8,18,15,0,63,28,65,35,105,58,23,213,6,0,7,5,17,15,27,0,0,9,45,41,9,9,5,18
32003005805,96,0,21,57,85,102,50,17,41,48,61,184,130,97,210,172,1371,9,0,0,0,0,0,0,0,0,0,0,0,0,9,0,0,0,382,51,0,0,0,39,11,50,0,11,8,0,66,31,20,67,28,570,0,0,11,8,35,72,0,8,19,22,19,64,61,49,104,98,410,45,0,10,49,11,19,0,9,11,18,42,54,29,28,39,46
32031001012,108,0,43,7,77,20,0,47,56,80,215,142,141,52,67,113,1168,16,0,0,0,0,0,0,0,0,0,0,16,0,0,0,0,0,247,21,0,0,0,39,0,0,22,42,0,17,58,0,18,22,8,672,87,0,0,0,8,20,0,25,0,30,149,76,110,34,45,88,233,0,0,43,7,30,0,0,0,14,50,33,8,31,0,0,17
33011010200,123,111,39,101,86,171,88,134,141,167,381,419,414,186,251,159,2971,103,0,18,0,10,0,0,0,13,7,13,42,0,0,0,0,0,1206,25,52,0,13,45,96,12,79,31,35,199,228,157,120,77,37,1323,98,25,0,54,15,23,17,42,61,84,140,191,227,66,158,122,339,0,16,39,24,26,52,59,0,42,35,0,0,30,0,16,0
34003013002,160,142,43,105,93,113,94,53,18,142,189,173,329,163,422,362,2601,62,0,0,0,0,0,13,0,0,0,0,0,0,0,0,49,0,1245,55,33,0,67,83,22,14,0,0,83,152,106,166,22,243,199,831,32,71,29,0,10,38,80,24,11,15,15,60,61,141,117,127,463,73,38,14,38,0,40,0,29,7,44,22,7,102,0,13,36
34003047400,82,49,14,80,54,22,84,47,62,7,149,218,340,185,245,386,2024,22,0,12,0,0,0,0,0,0,0,0,10,0,0,0,0,0,666,50,0,0,0,18,0,0,23,34,7,70,85,119,64,76,120,929,21,37,0,74,11,0,29,0,20,0,39,43,194,104,149,208,407,11,0,14,6,25,22,55,24,8,0,30,90,27,17,20,58
34007603301,152,110,76,109,62,190,43,100,131,241,131,231,316,78,176,120,2266,29,0,0,0,0,0,0,16,0,0,0,0,13,0,0,0,0,909,54,29,20,15,14,112,27,17,131,54,58,70,202,28,78,0,805,48,0,8,64,14,78,0,72,0,60,31,121,85,50,79,95,523,50,81,48,30,34,0,0,11,0,127,42,27,29,0,19,25
34013016800,68,57,74,38,10,35,57,104,54,167,262,220,128,76,109,88,1547,23,6,0,0,0,0,10,0,7,0,0,0,0,0,0,0,0,682,25,13,0,0,0,0,10,65,45,58,169,114,41,59,75,8,591,30,9,56,30,10,16,47,24,0,100,51,82,52,17,26,41,251,7,35,18,8,0,9,0,8,9,9,42,24,35,0,8,39
34013017400,39,35,41,10,23,84,15,70,0,93,176,352,167,220,240,436,2001,0,0,0,0,0,0,0,0,0,0,0,0,0,0,0,0,0,687,16,0,0,0,0,65,0,39,0,0,50,72,60,43,93,249,792,0,0,0,10,10,0,0,31,0,37,45,141,59,162,110,187,522,23,35,41,0,13,19,15,0,0,56,81,139,48,15,37,0
34025801000,91,41,52,12,8,8,121,90,15,93,169,133,184,156,164,292,1629,47,0,12,0,0,0,0,0,9,0,0,0,0,26,0,0,0,479,0,0,33,12,0,0,40,49,0,52,94,24,38,51,66,20,702,13,0,7,0,0,8,58,11,6,20,19,77,99,86,70,228,401,78,29,12,0,8,0,23,21,9,21,56,32,21,19,28,44
34027043800,48,136,0,217,68,147,12,57,35,129,194,385,254,190,327,205,2404,9,0,0,0,0,0,0,0,0,0,0,9,0,0,0,0,0,1081,16,0,0,81,17,18,0,0,0,109,67,242,109,139,167,116,882,0,80,0,46,33,45,12,18,20,0,54,129,145,51,160,89,432,32,56,0,90,18,84,0,39,15,20,64,14,0,0,0,0
34039032901,79,16,9,28,50,14,42,62,27,50,169,291,146,179,103,104,1369,7,0,0,0,0,0,0,0,0,0,0,0,7,0,0,0,0,405,7,0,0,0,26,9,23,33,12,14,47,66,39,64,26,39,585,36,0,0,17,0,0,0,0,0,21,80,152,86,81,55,57,372,36,16,9,11,24,5,19,29,15,15,42,66,21,34,22,8
34039036301,109,18,53,62,56,76,51,83,58,139,139,284,309,164,99,131,1831,27,0,0,0,0,0,0,0,0,0,0,27,0,0,0,0,0,519,45,0,6,0,0,0,11,10,7,56,15,121,161,51,13,23,820,55,0,5,33,28,26,9,26,40,59,45,127,95,106,58,108,465,9,18,42,29,28,50,31,47,11,24,52,36,53,7,28,0
35001000300,193,150,184,35,114,152,90,170,177,286,191,383,152,111,260,117,2765,246,81,14,10,12,12,24,25,30,38,0,0,0,0,0,0,0,1006,83,59,87,11,39,40,30,69,59,93,61,226,90,23,28,8,790,17,16,25,0,25,12,35,14,20,97,59,112,15,68,193,82,723,12,61,62,12,38,76,0,57,60,96,71,45,47,20,39,27
35001003724,36,50,32,47,36,64,80,106,65,189,147,263,266,110,31,78,1600,35,8,0,0,0,0,0,0,0,0,0,0,27,0,0,0,0,432,0,0,0,18,18,12,34,50,56,59,17,62,98,8,0,0,680,19,42,11,10,0,18,19,26,9,85,64,87,137,78,15,60,453,9,8,21,19,18,34,27,30,0,45,66,87,31,24,16,18
35049000600,89,65,51,73,43,47,51,56,54,130,97,98,80,80,73,99,1186,20,0,0,11,0,0,0,0,0,0,9,0,0,0,0,0,0,329,27,22,18,19,0,34,27,0,24,28,36,7,4,14,56,13,547,47,30,16,26,34,0,10,41,30,68,39,58,50,52,17,29,290,15,13,6,28,9,13,14,15,0,25,22,33,26,14,0,57
35049000700,49,89,40,57,92,50,22,33,68,67,125,133,113,7,49,15,1009,0,0,0,0,0,0,0,0,0,0,0,0,0,0,0,0,0,439,23,9,8,8,33,21,7,19,48,15,52,79,86,7,9,15,408,20,65,10,26,37,29,15,14,6,32,62,25,27,0,40,0,162,6,15,22,23,22,0,0,0,14,20,11,29,0,0,0,0
36001014001,104,52,120,51,61,130,75,140,106,196,271,288,199,43,63,11,1910,162,47,8,0,14,0,87,0,6,0,0,0,0,0,0,0,0,464,10,22,27,7,0,34,0,30,0,0,156,77,82,0,19,0,710,8,6,0,16,25,0,24,42,31,158,86,150,77,32,44,11,574,39,16,93,14,36,9,51,62,75,38,29,61,40,11,0,0
36047011900,48,5,30,48,11,28,6,28,55,72,76,133,62,49,16,85,752,28,0,0,0,0,11,0,0,5,6,0,0,6,0,0,0,0,456,15,0,18,6,0,28,6,23,27,12,65,115,45,43,6,47,197,27,0,12,42,0,0,0,0,22,18,11,12,17,0,5,31,71,6,5,0,0,0,0,0,0,0,42,0,0,0,6,5,7
36059301700,6,10,4,5,4,24,9,8,0,46,24,55,36,50,97,369,747,0,0,0,0,0,0,0,0,0,0,0,0,0,0,0,0,0,249,0,0,0,0,0,0,0,0,0,17,0,20,31,16,22,143,358,0,5,4,0,4,6,5,4,0,15,19,30,5,30,48,183,140,6,5,0,5,0,18,4,4,0,14,5,5,0,4,27,43
36059518600,0,9,0,36,21,30,0,16,0,22,30,104,121,196,156,554,1295,0,0,0,0,0,0,0,0,0,0,0,0,0,0,0,0,0,249,0,0,0,0,0,12,0,0,0,0,0,10,0,51,36,140,790,0,9,0,16,10,9,0,0,0,7,17,62,77,107,105,371,256,0,0,0,20,11,9,0,16,0,15,13,32,44,38,15,43
36061002100,47,10,0,12,48,0,0,40,16,54,159,135,170,68,503,1422,2684,38,0,10,0,0,0,0,0,10,0,8,10,0,0,0,0,0,1737,31,0,0,12,18,0,0,30,16,17,82,84,63,47,385,952,759,16,0,0,0,15,0,0,0,0,15,67,24,79,21,104,418,150,0,0,0,0,15,0,0,0,0,14,0,27,28,0,14,52
36061003601,246,97,114,102,67,33,26,72,29,59,41,114,68,91,46,174,1379,68,51,5,0,0,0,0,5,0,0,0,5,0,0,0,2,0,638,29,36,37,32,31,11,0,37,0,23,36,34,60,74,44,154,435,91,49,11,11,36,11,21,26,29,36,0,80,8,17,0,9,238,75,7,66,59,0,11,0,9,0,0,0,0,0,0,0,11
36061005200,125,13,24,10,0,27,0,54,17,43,46,82,110,92,140,697,1480,49,36,0,0,0,0,0,0,0,0,0,0,0,0,0,0,13,731,37,13,0,0,0,10,0,40,0,7,27,58,65,15,66,393,455,20,0,16,0,0,0,0,0,0,12,19,8,28,52,57,243,245,32,0,8,10,0,17,0,14,17,24,0,16,17,25,17,48
36061009100,263,254,139,71,44,94,84,124,100,64,109,412,423,175,469,1069,3894,239,47,105,0,0,0,0,0,14,0,0,0,0,12,27,25,9,1913,80,53,66,0,0,73,14,16,16,64,73,161,285,129,259,624,1387,123,59,21,62,39,21,43,67,34,0,36,204,90,19,169,400,355,13,37,52,9,5,0,27,27,50,0,0,47,36,0,16,36
36061010800,196,0,147,136,124,220,131,73,124,148,435,508,413,418,370,1437,4880,214,0,0,0,0,0,17,9,0,40,38,54,15,9,16,0,16,2034,22,0,32,13,11,79,71,20,45,12,86,355,221,289,194,584,1307,95,0,0,99,33,30,51,0,10,43,99,0,111,0,145,591,1325,79,0,115,24,80,94,0,53,29,55,196,138,72,113,31,246
36061014500,120,68,14,46,0,33,21,14,27,37,51,144,224,160,548,997,2504,43,29,0,14,0,0,0,0,0,0,0,0,0,0,0,0,0,1199,0,28,0,0,0,12,0,14,13,4,16,0,90,85,409,528,824,12,0,0,32,0,21,21,0,0,0,35,99,79,30,109,386,438,79,40,0,14,0,0,0,0,14,33,0,45,55,45,30,83
36061014602,236,76,0,128,55,182,59,181,178,360,585,466,437,378,362,1033,4716,210,87,0,0,0,0,0,0,9,0,0,46,0,55,0,0,13,2692,64,0,0,70,0,44,12,24,107,252,375,354,233,239,165,753,920,15,0,0,12,0,55,0,73,0,63,130,81,105,85,96,205,894,70,76,0,46,55,83,47,75,71,45,34,31,44,54,101,62
36061018500,221,30,100,143,52,75,63,24,70,158,164,310,243,319,254,505,2731,23,23,0,0,0,0,0,0,0,0,0,0,0,0,0,0,0,1079,17,0,14,28,0,0,32,0,17,89,76,96,98,116,125,371,849,137,0,16,26,11,23,13,24,0,30,43,54,97,179,96,100,780,44,30,70,89,41,52,18,0,53,39,45,160,48,24,33,34
36119009400,115,78,70,68,62,170,23,55,48,87,112,199,124,140,126,213,1690,82,20,0,0,37,0,0,0,0,0,0,25,0,0,0,0,0,641,0,4,18,9,0,67,6,21,24,53,17,131,30,80,71,110,610,38,31,32,0,20,75,8,34,24,24,39,52,87,30,40,76,357,57,43,20,22,42,28,9,0,0,10,31,16,7,30,15,27
37021000600,123,40,12,101,60,87,31,68,21,83,117,77,51,43,39,44,997,94,49,0,0,26,0,0,0,0,9,0,0,10,0,0,0,0,459,7,22,0,23,43,52,20,34,12,36,83,37,51,0,6,33,285,40,0,12,8,17,20,11,23,0,21,27,19,0,43,33,11,159,27,18,0,44,0,15,0,11,0,26,7,11,0,0,0,0
37021001900,33,131,146,73,73,19,59,92,80,143,184,194,138,36,21,7,1429,8,0,0,8,0,0,0,0,0,0,0,0,0,0,0,0,0,346,12,42,29,5,7,9,32,12,7,38,60,68,25,0,0,0,546,21,30,15,20,35,10,16,39,29,49,83,80,69,22,21,7,529,0,59,94,48,31,0,11,41,44,56,41,46,44,14,0,0
37063000402,142,52,48,100,127,75,14,50,99,89,112,48,8,18,64,8,1054,138,13,0,31,26,0,22,0,24,0,5,0,0,0,0,17,0,645,104,40,11,60,88,38,0,12,84,70,55,21,8,5,41,8,211,25,7,0,8,39,0,14,14,15,0,43,27,0,13,6,0,60,0,5,6,6,0,15,0,0,0,14,14,0,0,0,0,0
37067001100,286,106,95,56,54,55,24,77,43,66,85,128,18,29,47,29,1198,189,78,35,10,8,26,0,0,13,0,0,0,19,0,0,0,0,435,78,21,48,16,8,22,15,17,34,47,39,51,10,10,10,9,385,110,7,27,15,15,24,9,36,9,10,0,49,8,19,27,20,189,20,43,10,17,5,9,0,11,0,9,46,9,0,0,10,0
37081012509,23,9,65,31,17,11,35,27,33,82,147,184,116,71,72,49,972,4,0,0,0,0,0,0,0,0,0,0,0,0,4,0,0,0,157,5,0,19,0,0,0,0,0,7,8,9,55,22,13,13,6,418,12,0,8,20,17,0,30,0,5,54,43,52,59,33,49,36,393,6,9,38,11,0,11,5,27,21,20,95,77,31,25,10,7
37119002903,19,40,49,36,76,115,52,47,63,58,88,179,134,99,83,424,1562,65,0,0,37,0,4,0,24,0,0,0,0,0,0,0,0,0,577,8,34,0,21,65,9,17,21,63,0,18,70,21,35,50,145,703,0,6,12,0,7,91,11,26,0,24,56,66,100,42,19,243,217,11,0,0,15,0,15,0,0,0,34,14,43,13,22,14,36
37119006209,128,81,53,123,15,105,111,149,157,175,165,227,490,54,76,99,2208,167,0,0,25,0,0,13,34,33,0,51,0,11,0,0,0,0,1153,113,38,0,64,0,13,50,30,109,58,49,180,302,41,31,75,668,15,28,15,14,0,67,27,73,48,29,93,26,165,13,45,10,220,0,15,13,45,15,12,0,13,0,37,23,10,23,0,0,14
37129010600,82,25,124,122,109,145,175,82,52,191,161,144,205,86,124,140,1967,46,10,12,0,0,13,0,0,0,0,0,0,0,0,0,11,0,438,0,0,0,64,36,59,31,9,0,54,31,58,69,0,0,27,625,15,0,13,19,29,21,27,35,15,59,73,63,71,17,95,73,858,57,13,111,39,31,65,117,38,37,78,57,23,65,69,18,40
37135012100,389,138,142,123,25,171,189,217,142,239,194,372,320,155,131,336,3283,480,174,50,33,0,13,90,48,21,12,0,0,20,19,0,0,0,1176,130,15,71,63,0,26,39,121,92,158,71,57,147,43,46,97,1154,73,53,12,60,0,26,46,48,24,63,93,200,131,100,35,190,473,12,20,26,0,12,29,56,27,14,18,30,95,23,12,50,49
37183051502,63,133,74,51,17,52,49,32,41,48,24,83,61,49,45,193,1015,122,21,14,4,23,0,0,24,12,24,0,0,0,0,0,0,0,253,0,55,40,5,4,24,12,5,12,0,6,10,16,12,14,38,432,33,64,16,13,13,8,13,10,0,32,5,46,20,29,5,125,208,9,0,14,10,0,20,0,5,5,16,13,27,25,8,26,30
37183053004,9,10,11,42,0,32,0,28,33,7,158,55,87,125,137,318,1052,0,0,0,0,0,0,0,0,0,0,0,0,0,0,0,0,0,302,0,0,0,36,0,0,0,0,22,0,73,0,19,73,14,65,479,9,10,0,0,0,7,0,9,11,7,49,25,40,43,104,165,271,0,0,11,6,0,25,0,19,0,0,36,30,28,9,19,88
37183054007,44,74,58,74,104,154,80,97,32,181,227,127,143,158,123,113,1789,85,0,43,0,0,26,10,0,0,0,6,0,0,0,0,0,0,669,20,0,20,33,58,31,70,36,21,30,128,49,64,49,23,37,686,14,10,38,41,20,65,0,35,0,79,78,31,43,76,91,65,349,10,21,0,0,0,48,10,26,11,66,21,47,36,33,9,11
39035187105,78,91,23,33,23,20,59,5,10,57,50,94,60,117,92,71,883,15,0,0,0,0,0,0,0,0,0,15,0,0,0,0,0,0,276,24,10,0,9,5,9,30,0,10,30,20,30,11,43,40,5,361,31,34,7,6,12,0,16,0,0,7,14,30,49,74,20,61,231,23,47,16,18,6,11,13,5,0,5,16,34,0,0,32,5
39035194800,62,15,11,34,22,55,18,18,14,37,38,69,16,7,14,0,430,6,3,0,0,0,3,0,0,0,0,0,0,0,0,0,0,0,228,35,7,8,22,15,17,6,10,9,14,24,47,8,0,6,0,141,12,0,0,5,4,33,3,8,5,20,14,22,0,7,8,0,55,12,8,3,7,0,5,9,0,0,3,0,0,8,0,0,0
39049006430,45,10,74,28,94,105,64,65,37,132,189,224,232,166,133,178,1776,18,0,0,0,0,9,0,0,0,0,0,9,0,0,0,0,0,707,34,0,0,0,47,86,46,33,37,74,63,85,55,32,69,46,696,0,10,22,10,9,0,18,18,0,39,59,104,133,110,53,111,355,11,0,52,18,29,19,0,14,0,19,58,35,44,24,11,21
39049007120,60,58,44,35,61,87,181,77,105,158,274,387,215,34,26,48,1850,52,0,0,0,0,0,15,0,0,0,10,0,16,11,0,0,0,789,33,0,13,7,17,0,97,47,45,76,130,203,59,17,18,27,770,27,48,8,11,44,43,74,19,43,50,116,120,121,17,8,21,239,0,10,23,17,0,29,10,11,17,22,28,48,24,0,0,0
39061025402,113,140,95,59,26,125,118,52,44,56,114,190,74,86,61,47,1400,107,13,27,26,0,0,33,0,0,0,8,0,0,0,0,0,0,589,41,28,42,22,7,38,48,20,8,19,61,111,55,38,19,32,483,50,6,17,15,19,24,70,20,36,24,35,59,13,48,32,15,221,9,79,10,22,0,30,0,12,0,5,18,20,6,0,10,0
39113050303,205,207,192,266,121,139,85,78,118,128,205,162,43,25,51,9,2034,285,48,68,52,53,9,21,0,0,0,26,0,8,0,0,0,0,911,78,55,73,113,64,63,66,46,79,63,109,82,5,5,10,0,559,52,39,17,58,48,43,6,32,22,27,85,60,26,7,28,9,279,27,45,50,42,0,12,13,0,17,12,11,12,12,13,13,0
40109106503,70,50,40,43,53,51,40,18,27,22,45,115,54,22,26,95,771,35,0,3,0,0,0,0,3,0,0,0,16,0,0,13,0,0,252,47,0,12,6,13,36,23,0,11,7,0,34,24,3,11,25,245,10,39,0,17,13,6,14,5,7,15,19,42,22,6,7,23,239,13,8,28,20,27,9,0,13,9,0,10,39,8,0,8,47
40143004302,87,33,52,74,37,38,42,73,31,106,68,89,235,55,166,280,1466,42,0,0,0,0,0,0,0,0,7,0,8,0,0,0,27,0,522,20,0,0,20,11,7,20,30,8,72,37,26,151,19,59,42,593,67,10,43,37,17,9,0,19,0,19,9,37,58,27,45,196,309,0,23,9,17,9,22,22,24,16,15,14,26,26,9,35,42
40143007634,174,99,60,61,23,85,81,74,58,128,226,249,84,85,94,228,1809,99,43,7,0,0,0,9,17,0,8,6,0,0,0,9,0,0,594,79,29,0,34,0,30,15,63,8,53,119,81,27,9,0,47,713,23,22,9,17,0,27,37,0,23,42,51,156,57,67,55,127,403,29,41,51,10,23,19,12,11,19,27,56,12,0,0,39,54
41017001600,269,130,179,215,299,210,112,172,33,175,194,163,56,40,14,37,2298,267,27,15,52,0,0,47,57,62,0,7,0,0,0,0,0,0,671,24,37,15,77,99,37,0,29,10,91,160,79,13,0,0,0,760,85,33,38,79,168,78,0,37,13,68,20,65,22,40,14,0,600,133,45,74,59,32,48,55,44,10,9,14,19,21,0,0,37
41051002000,238,206,160,201,283,271,134,176,169,246,157,287,328,144,98,23,3121,232,28,0,33,39,41,0,0,0,44,0,0,13,34,0,0,0,1910,117,74,75,99,188,177,91,163,112,191,124,160,196,89,45,9,738,65,101,35,0,45,47,31,13,13,42,25,101,98,55,53,14,241,28,31,17,63,9,47,12,0,0,13,8,13,0,0,0,0
41051002702,228,120,38,66,38,98,71,18,44,72,157,143,149,82,99,68,1491,6,0,0,0,0,0,0,0,0,0,0,6,0,0,0,0,0,538,14,37,0,13,12,43,48,18,0,27,51,54,84,51,45,41,729,199,52,10,15,26,55,7,0,14,45,67,83,44,31,54,27,218,15,31,28,38,0,0,16,0,30,0,33,6,21,0,0,0
41051003302,121,28,54,55,19,31,25,45,52,85,134,253,199,44,53,38,1236,27,0,0,0,0,0,0,0,0,0,0,11,16,0,0,0,0,727,21,0,34,41,0,14,15,39,21,21,38,222,163,24,36,38,413,63,28,20,9,19,11,10,0,31,64,76,15,36,20,11,0,69,37,0,0,5,0,6,0,6,0,0,9,0,0,0,6,0
41051005000,71,10,62,38,62,86,69,63,51,122,130,220,257,128,87,120,1576,93,7,0,0,9,0,20,0,10,0,19,0,0,28,0,0,0,998,54,10,43,0,62,40,50,43,51,72,98,132,137,63,50,93,368,10,0,11,29,0,14,8,0,0,31,23,88,48,65,26,15,117,0,0,8,0,0,12,11,10,0,0,9,0,44,0,11,12
41067031616,13,29,54,75,175,106,76,99,38,84,286,223,65,76,29,86,1514,156,0,0,8,31,9,0,8,19,22,8,17,34,0,0,0,0,771,13,0,15,25,86,25,14,28,0,46,188,167,43,76,15,30,203,0,13,0,0,7,46,10,31,0,9,20,18,15,0,14,20,384,0,16,31,19,73,35,44,21,16,21,61,4,7,0,0,36
41067031911,24,140,54,76,67,62,38,50,137,165,189,276,200,154,171,148,1951,18,8,10,0,0,0,0,0,0,0,0,0,0,0,0,0,0,676,8,12,23,43,9,27,22,26,62,6,73,94,122,46,67,36,910,8,31,16,22,27,18,16,24,57,130,107,86,44,108,104,112,347,0,87,15,11,31,17,0,0,18,29,9,96,34,0,0,0
41067032005,263,59,97,153,57,94,46,110,18,224,138,211,40,18,22,0,1550,247,30,0,44,55,11,3,0,0,8,0,23,73,0,0,0,0,746,121,29,8,57,34,58,45,31,0,139,88,107,14,15,0,0,399,85,10,35,12,9,9,1,79,10,49,26,31,18,3,22,0,158,27,20,10,29,3,24,0,0,0,36,1,0,8,0,0,0
42003070500,197,62,104,6,82,132,121,98,63,186,192,203,121,58,96,96,1817,308,51,34,30,0,8,42,27,16,8,41,28,23,0,0,0,0,1114,102,19,63,0,45,63,85,49,55,108,130,153,83,40,56,63,275,37,0,11,0,20,0,0,33,0,20,28,18,38,18,34,18,120,7,9,0,6,9,27,9,0,0,17,6,9,0,0,6,15
42003409000,75,80,86,69,75,104,12,52,30,174,188,310,478,294,609,1291,3927,11,11,0,0,0,0,0,0,0,0,0,0,0,0,0,0,0,1158,13,0,12,15,0,0,0,0,16,27,83,131,125,118,242,376,2226,26,43,37,41,16,48,0,26,0,79,68,149,302,150,367,874,532,25,37,37,13,59,56,12,26,14,68,37,30,51,26,0,41
42091200505,84,37,38,31,37,63,13,11,91,139,47,274,404,259,240,479,2247,113,31,0,0,0,0,13,0,11,13,24,0,21,0,0,0,0,604,0,37,0,31,0,0,0,0,37,22,18,68,142,99,35,115,1174,41,0,0,0,0,37,0,0,41,66,16,158,183,131,154,347,356,12,0,38,0,37,13,13,0,0,27,13,27,79,29,51,17
42091201800,46,94,84,61,60,46,39,28,8,123,129,94,126,49,151,131,1269,0,0,0,0,0,0,0,0,0,0,0,0,0,0,0,0,0,237,8,14,0,32,10,14,12,0,0,36,9,11,8,11,55,17,426,0,0,34,9,0,0,18,0,8,21,68,31,74,16,52,95,606,38,80,50,20,50,32,9,28,0,66,52,52,44,22,44,19
42091204009,48,6,16,11,52,4,39,57,0,28,90,58,57,32,38,64,600,5,0,0,0,0,0,0,5,0,0,0,0,0,0,0,0,0,77,0,0,0,0,5,0,6,10,0,0,0,13,0,18,11,14,248,11,6,0,0,10,0,0,9,0,12,66,25,48,11,19,31,270,37,0,16,11,37,4,28,38,0,16,24,20,9,3,8,19
42091205503,51,30,31,18,50,46,98,42,64,76,190,204,253,126,181,359,1819,0,0,0,0,0,0,0,0,0,0,0,0,0,0,0,0,0,370,17,0,0,0,0,12,0,0,19,7,48,39,39,21,24,144,762,0,0,0,0,22,15,16,13,21,17,79,81,135,43,132,188,687,34,30,31,18,28,19,82,29,24,52,63,84,79,62,25,27
42101001102,164,14,78,58,15,73,46,50,39,185,101,176,108,141,98,130,1476,153,68,0,11,0,0,36,0,10,10,11,7,0,0,0,0,0,837,70,0,24,44,15,28,46,28,29,76,65,126,75,77,86,48,340,26,14,15,0,0,0,0,0,0,98,29,41,16,19,0,82,146,0,0,28,14,0,9,0,12,0,0,0,9,17,45,12,0
42101012500,425,43,62,148,69,93,85,76,115,307,295,343,80,317,237,147,2842,261,153,25,11,0,8,10,43,0,0,0,0,11,0,0,0,0,1476,169,0,14,40,47,35,28,57,18,255,169,218,80,182,139,25,470,15,0,0,0,0,0,0,0,31,27,41,47,0,125,80,104,635,88,18,37,108,14,48,14,19,66,25,85,67,0,10,18,18
44007003100,422,317,196,90,79,26,102,132,57,150,167,132,62,26,47,58,2063,384,96,0,78,21,38,0,0,85,0,66,0,0,0,0,0,0,557,26,44,32,0,0,0,72,31,40,52,89,71,62,0,38,0,595,286,83,17,9,0,26,18,16,17,12,61,14,0,0,0,36,527,14,190,69,60,41,0,12,0,0,20,17,47,0,26,9,22
44007003500,164,141,105,125,304,157,77,138,72,82,209,253,160,68,82,336,2473,343,119,49,0,0,48,0,13,12,0,0,17,58,0,0,0,27,995,19,17,58,33,127,129,18,29,33,66,93,113,100,21,26,113,573,0,50,0,0,66,12,31,68,39,16,31,33,60,0,28,139,562,26,25,47,92,63,16,15,29,0,0,68,49,0,47,28,57
44007013900,138,130,89,31,47,75,118,70,54,77,163,220,119,21,76,13,1441,49,0,6,19,0,0,0,0,0,0,0,24,0,0,0,0,0,341,0,27,0,0,8,0,30,60,7,5,29,75,82,0,11,7,467,66,19,6,0,9,42,46,10,30,17,56,99,8,21,32,6,584,72,78,64,31,30,33,42,0,17,55,54,46,29,0,33,0
45013011100,16,21,20,47,58,0,9,43,24,70,160,119,149,46,54,151,987,14,0,0,0,0,0,0,0,0,14,0,0,0,0,0,0,0,160,0,0,0,0,0,0,0,25,0,23,27,15,46,24,0,0,224,16,0,0,0,28,0,0,0,0,0,39,11,41,13,32,44,589,0,21,20,47,30,0,9,18,10,47,94,93,62,9,22,107
45019004607,210,38,96,157,50,151,57,124,245,183,377,341,162,66,182,255,2694,241,56,0,41,65,0,0,0,0,0,12,36,0,0,0,31,0,1209,58,0,0,50,24,26,33,33,148,114,236,219,103,44,37,84,644,81,12,29,29,0,56,11,27,61,0,44,74,35,22,48,115,600,15,26,26,13,26,69,13,64,36,57,61,48,24,0,66,56
45045002808,148,297,76,106,43,221,226,326,42,211,319,284,290,189,97,181,3056,124,0,0,57,12,0,11,14,8,0,14,8,0,0,0,0,0,1026,14,149,0,0,0,58,147,64,28,82,128,141,137,39,17,22,1040,103,87,19,80,0,37,10,130,0,33,92,76,83,96,63,131,866,31,61,0,14,43,115,55,124,14,82,91,67,70,54,17,28
45079002400,53,44,171,41,34,81,107,86,18,77,104,182,240,116,139,322,1815,68,0,5,53,0,10,0,0,0,0,0,0,0,0,0,0,0,539,13,0,30,25,0,24,64,53,0,0,42,67,41,49,68,63,671,32,7,13,10,0,25,9,0,0,52,33,63,104,45,54,224,537,8,32,75,6,24,32,34,33,18,25,29,52,95,22,17,35
47037017901,80,35,55,56,162,48,84,29,52,116,131,290,109,147,209,510,2113,102,0,11,33,22,0,0,0,0,0,0,24,0,12,0,0,0,540,0,0,0,0,49,15,36,0,27,54,21,105,38,63,15,117,830,45,11,0,0,32,14,0,12,13,33,70,66,26,65,126,317,641,35,13,22,34,81,19,48,17,12,29,16,119,33,19,68,76
47065000800,44,50,39,106,45,29,23,45,16,18,34,58,37,21,45,11,621,97,20,10,5,28,9,10,11,4,0,0,0,0,0,0,0,0,265,16,32,22,35,10,8,5,14,0,11,13,36,30,8,23,2,178,3,0,0,43,26,3,0,7,8,7,8,22,7,13,22,9,81,5,8,12,0,0,8,7,20,8,0,13,0,0,0,0,0
47093004404,132,12,69,38,129,88,45,64,79,95,101,167,79,115,98,331,1642,221,87,12,0,0,0,0,0,0,0,14,10,98,0,0,0,0,639,41,0,69,26,102,36,8,23,25,11,71,42,9,76,25,75,528,4,0,0,12,0,11,37,41,19,38,20,27,20,39,50,210,254,0,0,0,0,27,41,0,0,35,32,0,0,50,0,23,46
47157002500,182,96,33,96,114,93,43,25,54,55,54,71,38,57,74,34,1119,56,0,24,0,0,0,32,0,0,0,0,0,0,0,0,0,0,327,84,22,0,31,29,27,21,0,0,11,27,0,0,35,27,13,572,79,27,31,43,45,34,12,0,54,38,27,71,38,12,47,14,164,19,23,2,22,40,0,10,25,0,6,0,0,0,10,0,7
48029190902,106,55,56,13,125,120,103,43,80,191,226,191,120,51,3,37,1520,0,0,0,0,0,0,0,0,0,0,0,0,0,0,0,0,0,567,67,0,13,0,72,37,28,29,13,75,130,55,48,0,0,0,483,18,11,0,13,14,47,26,4,38,80,9,108,47,37,3,28,470,21,44,43,0,39,36,49,10,29,36,87,28,25,14,0,9
48029191806,89,0,24,0,22,98,21,81,92,184,148,299,296,182,300,1032,2868,134,38,0,0,0,8,11,0,0,21,0,0,56,0,0,0,0,1208,10,0,0,0,14,67,11,43,56,111,129,102,63,117,92,393,1274,33,0,0,0,0,20,10,24,0,58,19,106,153,55,182,614,252,8,0,24,0,0,0,0,14,15,15,0,35,80,10,26,25
48113000100,53,51,29,48,69,49,64,90,22,113,182,176,138,135,151,484,1854,41,0,0,0,11,0,16,0,0,0,7,0,7,0,0,0,0,864,0,28,0,11,18,26,27,41,8,63,105,99,78,5,80,275,759,53,0,8,26,27,0,37,41,0,8,61,61,36,130,71,200,190,0,23,21,0,24,7,0,8,14,35,16,9,24,0,0,9
48113001704,53,14,0,13,36,0,0,14,0,67,71,231,35,107,139,145,925,109,39,0,0,0,36,0,0,14,0,0,0,20,0,0,0,0,502,0,0,0,0,0,0,0,0,0,54,46,153,35,39,92,83,215,0,0,0,0,0,0,0,0,0,13,15,36,0,42,47,62,99,14,14,0,13,0,0,0,0,0,0,10,22,0,26,0,0
48113013300,0,0,7,0,3,4,10,6,0,27,10,26,56,104,151,407,811,0,0,0,0,0,0,0,0,0,0,0,0,0,0,0,0,0,262,0,0,0,0,0,0,0,0,0,0,3,5,7,38,109,100,387,0,0,0,0,3,0,10,0,0,10,0,0,46,35,10,273,162,0,0,7,0,0,4,0,6,0,17,7,21,3,31,32,34
48157673003,38,63,34,49,43,21,66,78,23,71,79,409,575,422,684,952,3607,53,0,0,0,0,0,0,0,0,0,0,0,45,0,0,0,8,1508,38,13,22,0,43,21,0,47,0,17,50,145,306,168,387,251,1865,0,40,12,49,0,0,43,31,23,26,25,140,269,254,297,656,181,0,10,0,0,0,0,23,0,0,28,4,79,0,0,0,37
48201410200,87,107,46,92,104,33,0,35,109,139,280,398,296,201,349,323,2599,354,0,63,0,76,0,16,0,14,0,44,29,49,31,0,32,0,1591,40,20,29,16,91,17,0,21,81,72,203,240,217,159,269,116,590,47,13,17,0,13,0,0,0,28,23,48,88,39,42,25,207,64,0,11,0,0,0,0,0,0,0,0,0,21,9,0,23,0
48201411000,81,184,46,49,169,13,60,75,71,141,251,428,288,285,348,479,2968,193,0,0,15,12,127,0,0,0,0,27,12,0,0,0,0,0,1301,42,14,0,0,0,13,12,54,71,15,125,267,220,140,117,211,990,10,12,14,37,14,0,8,11,0,71,65,108,68,118,203,251,484,29,158,17,0,28,0,40,10,0,28,49,53,0,27,28,17
48201412600,19,7,32,28,23,9,0,7,30,71,40,126,93,74,158,613,1330,48,19,0,19,0,0,0,0,0,0,0,10,0,0,0,0,0,486,0,0,6,9,7,0,0,0,30,71,8,31,0,49,53,222,642,0,0,0,19,8,9,0,0,0,0,16,64,76,6,77,367,154,0,7,7,0,8,0,0,7,0,0,6,31,17,19,28,24
48201430300,9,19,0,0,9,0,0,20,0,21,20,79,72,94,262,831,1436,27,0,0,0,0,0,0,0,0,0,0,0,0,0,0,27,0,251,0,0,0,0,0,0,0,0,0,0,0,19,33,24,25,150,780,0,0,0,0,0,0,0,0,0,11,10,51,29,46,168,465,378,9,19,0,0,9,0,0,20,0,10,10,9,10,24,42,216
48201431802,141,26,51,56,0,168,51,0,124,117,213,244,296,137,89,246,1959,80,30,0,0,9,0,0,0,0,0,26,0,0,15,0,0,0,1167,94,15,0,16,0,56,0,0,110,76,169,130,231,110,72,88,420,0,0,0,0,0,89,51,0,0,15,44,67,21,14,17,102,292,17,11,51,31,0,23,0,0,14,0,0,47,29,13,0,56
48439113111,157,224,181,205,123,151,145,136,63,88,93,64,27,0,21,38,1716,308,52,48,17,79,0,27,34,21,0,15,0,15,0,0,0,0,952,59,140,112,76,87,61,69,65,63,66,63,49,27,0,15,0,446,36,36,52,50,36,63,42,50,0,7,30,0,0,0,6,38,10,10,0,0,0,0,0,0,0,0,0,0,0,0,0,0,0
48439113622,15,0,0,12,32,16,0,76,73,14,144,235,295,117,298,777,2104,0,0,0,0,0,0,0,0,0,0,0,0,0,0,0,0,0,219,0,0,0,0,0,0,0,27,0,0,0,26,55,0,17,94,1368,15,0,0,0,14,16,0,22,58,0,65,95,128,101,267,587,517,0,0,0,12,18,0,0,27,15,14,79,114,112,16,14,96
48453001200,257,58,139,264,51,186,89,122,15,147,293,201,288,99,215,355,2779,205,11,19,36,38,11,35,0,24,0,0,0,0,0,0,31,0,1684,246,13,74,168,0,102,89,98,0,72,211,121,180,58,99,153,724,0,11,29,58,28,49,0,0,15,61,43,66,76,41,72,175,166,0,15,0,0,12,0,0,0,0,14,39,14,32,0,13,27
48453001738,116,49,12,64,70,48,94,44,55,130,255,431,347,374,374,237,2700,26,0,0,0,0,0,0,0,0,0,0,13,13,0,0,0,0,886,76,0,0,19,0,20,18,0,0,0,58,219,175,155,118,28,1285,24,49,0,45,18,10,28,31,32,59,96,137,159,219,198,180,503,16,0,12,0,52,18,48,13,23,71,88,62,13,0,58,29
48453001753,58,43,19,23,24,34,31,49,26,102,91,172,45,13,14,7,751,115,11,25,10,0,5,12,0,0,14,0,15,23,0,0,0,0,492,18,10,9,23,8,22,31,49,12,75,76,97,42,6,14,0,115,29,3,0,0,0,0,0,0,0,27,0,39,3,7,0,7,29,0,5,0,0,11,0,0,0,0,0,0,13,0,0,0,0
49035102000,255,80,105,125,98,56,13,81,34,60,120,117,44,50,18,11,1267,157,76,20,0,9,0,0,0,28,0,0,24,0,0,0,0,0,619,41,9,59,76,8,49,0,53,34,14,82,87,36,50,10,11,260,32,7,16,29,84,7,13,0,0,46,0,18,0,0,8,0,231,106,44,30,11,6,0,0,0,0,0,14,12,8,0,0,0
49035111201,77,11,22,25,66,49,42,19,79,100,202,214,62,50,50,43,1111,32,0,0,0,0,0,0,0,10,11,11,0,0,0,0,0,0,401,0,11,0,0,26,0,11,9,47,16,103,108,28,14,28,0,363,62,0,9,11,27,12,20,0,14,40,9,71,22,36,9,21,315,15,0,13,14,13,37,11,0,7,33,90,35,12,0,13,22
49035112823,23,63,61,152,0,22,50,16,75,254,111,307,174,62,140,42,1552,16,0,0,0,16,0,0,0,0,0,0,0,0,0,0,0,0,643,23,0,0,44,0,0,31,0,21,123,30,161,103,32,59,16,611,0,18,41,50,0,0,8,11,41,93,62,106,60,14,81,26,282,0,45,20,42,0,22,11,5,13,38,19,40,11,16,0,0
51013101801,26,0,8,0,7,51,15,17,0,41,35,105,179,147,203,423,1257,8,0,0,0,0,0,0,0,0,0,0,0,0,0,8,0,0,991,26,0,0,0,0,16,15,8,0,41,26,77,158,124,188,312,192,0,0,8,0,7,0,0,9,0,0,9,21,12,15,9,102,66,0,0,0,0,0,35,0,0,0,0,0,7,9,0,6,9
51059430901,40,0,0,0,19,14,22,0,81,66,218,310,144,83,165,272,1434,17,0,0,0,0,0,0,0,0,0,0,0,17,0,0,0,0,495,8,0,0,0,0,14,0,0,81,0,149,81,39,9,39,75,680,18,0,0,0,0,0,22,0,0,3,69,136,86,52,114,180,242,14,0,0,0,19,0,0,0,0,63,0,76,19,22,12,17
51059460800,25,18,9,57,19,0,31,31,16,64,82,96,190,88,129,257,1112,0,0,0,0,0,0,0,0,0,0,0,0,0,0,0,0,0,373,0,0,0,49,0,0,0,15,0,17,64,0,57,29,23,119,494,0,0,0,8,9,0,0,16,16,32,18,42,96,21,106,130,245,25,18,9,0,10,0,31,0,0,15,0,54,37,38,0,8
51059471301,14,0,57,0,108,30,64,10,98,80,147,296,275,120,156,108,1563,121,0,0,23,0,0,0,0,0,0,30,28,14,18,8,0,0,961,0,0,0,0,99,0,43,10,98,22,76,204,206,71,105,27,449,14,0,34,0,9,30,21,0,0,28,35,64,41,41,51,81,32,0,0,0,0,0,0,0,0,0,0,8,14,10,0,0,0
51059482202,127,35,15,46,25,44,94,154,56,117,261,260,248,124,201,222,2029,6,0,0,0,0,0,0,0,0,0,0,6,0,0,0,0,0,1015,0,0,0,7,0,0,94,99,49,33,182,116,147,100,50,138,531,8,0,0,0,11,36,0,45,7,16,35,96,42,0,151,84,477,119,35,15,39,14,8,0,10,0,68,38,48,59,24,0,0
51059491701,22,5,32,0,32,0,27,118,22,174,219,249,245,228,148,196,1717,23,0,0,0,0,0,0,0,0,0,7,0,6,0,10,0,0,1138,22,0,16,0,0,0,0,100,12,135,121,135,207,137,134,119,451,0,5,8,0,32,0,12,18,10,32,90,86,15,52,14,77,105,0,0,8,0,0,0,15,0,0,0,8,22,23,29,0,0
51510200702,78,0,49,11,0,13,0,0,16,100,180,335,300,291,426,336,2135,73,0,0,0,11,0,0,0,0,0,27,22,0,0,13,0,0,1176,36,0,0,0,0,0,0,0,16,55,126,199,190,146,247,161,588,42,0,0,0,0,0,0,0,0,18,17,65,84,117,121,124,298,0,0,49,0,0,13,0,0,0,0,15,71,26,15,58,51
51540000800,193,28,80,47,69,120,71,15,60,76,159,176,213,58,67,81,1513,27,7,0,0,4,0,0,0,0,11,5,0,0,0,0,0,0,607,172,0,26,7,34,52,18,0,17,26,56,37,111,17,27,7,479,6,21,20,30,14,40,0,0,19,34,26,97,62,34,29,47,400,8,7,34,6,21,28,53,15,13,11,77,42,40,7,11,27
51810044807,151,150,180,97,143,136,103,239,157,211,266,116,187,72,101,24,2333,388,20,14,93,30,0,49,0,69,47,18,30,0,0,0,18,0,851,94,57,28,5,41,27,22,97,64,172,98,40,82,0,0,24,693,0,39,28,24,77,33,66,10,27,21,93,52,84,72,67,0,401,37,40,31,38,25,27,15,63,19,0,45,24,21,0,16,0
53011041323,214,134,171,239,90,202,125,226,154,201,115,187,162,40,81,0,2341,27,14,0,0,0,13,0,0,0,0,0,0,0,0,0,0,0,816,87,68,92,61,13,56,57,91,115,70,14,82,0,0,10,0,988,64,16,40,84,40,57,49,106,21,131,83,56,130,40,71,0,510,49,50,39,94,24,89,19,29,18,0,18,49,32,0,0,0
53033004400,208,202,85,205,50,75,80,136,28,223,207,196,140,65,96,358,2354,718,154,120,66,104,35,55,0,60,0,84,22,18,0,0,0,0,1035,37,19,19,73,15,20,80,43,28,98,122,90,109,21,35,226,419,17,32,0,16,0,0,0,16,0,41,32,42,31,39,47,106,182,0,31,0,12,0,0,0,17,0,0,31,46,0,5,14,26
53033005802,130,67,0,109,63,245,95,146,110,257,285,311,210,265,160,205,2658,137,42,0,0,0,0,14,11,0,0,19,0,0,16,35,0,0,1373,30,27,0,60,0,171,38,100,42,168,204,156,110,48,93,126,711,26,25,0,30,0,60,30,29,12,41,48,54,69,141,67,79,437,32,15,0,19,63,0,16,17,56,29,33,101,15,41,0,0
53033007300,351,158,211,75,145,178,128,66,74,137,244,300,370,209,316,285,3247,167,29,9,0,0,0,13,0,10,11,11,0,58,12,0,0,14,1832,45,38,135,41,87,126,15,35,57,35,194,199,344,97,214,170,770,194,98,65,27,58,39,113,21,0,16,17,0,0,12,78,32,478,83,13,11,7,0,0,0,0,6,75,33,43,14,100,24,69
53033023700,25,33,103,27,21,79,48,22,52,63,207,212,180,95,171,348,1686,107,8,0,11,0,0,35,23,0,0,0,30,0,0,0,0,0,526,17,0,9,14,0,9,8,0,7,40,52,79,54,19,95,123,695,0,16,58,13,12,21,0,22,9,11,87,74,72,49,49,202,358,0,17,25,0,9,14,17,0,36,12,38,59,54,27,27,23
53033032313,40,30,59,125,13,62,90,88,91,219,285,295,277,271,224,403,2572,50,0,0,0,27,0,0,0,0,0,12,11,0,0,0,0,0,1500,12,0,16,73,0,0,0,56,80,47,174,219,223,233,197,170,711,28,19,0,25,13,38,39,0,11,96,75,44,54,26,27,216,311,0,11,43,0,0,24,51,32,0,64,25,32,0,12,0,17
53053072311,200,75,176,188,100,106,106,131,102,131,201,169,145,34,19,39,1922,202,57,0,12,22,42,0,54,0,0,0,15,0,0,0,0,0,767,56,20,109,107,12,94,29,71,73,6,65,56,38,6,19,6,566,81,32,12,37,33,7,7,36,8,81,52,64,71,12,0,33,387,6,23,43,22,13,5,16,24,21,44,69,49,36,16,0,0
53061051905,133,47,95,146,68,123,153,122,102,285,320,525,288,376,151,149,3083,51,19,0,0,0,0,0,0,0,0,0,0,32,0,0,0,0,1246,33,0,58,28,22,65,79,18,10,43,178,192,143,230,75,72,1210,45,28,23,73,15,31,74,70,62,200,84,126,127,146,76,30,576,36,19,14,45,31,27,0,34,30,42,58,175,18,0,0,47
55025000800,173,61,61,84,36,67,22,108,47,101,265,315,153,53,162,132,1840,116,29,17,0,11,8,0,0,32,0,12,0,7,0,0,0,0,871,127,25,17,37,10,38,12,41,29,54,112,194,69,39,34,33,505,17,10,26,24,10,18,0,25,9,17,91,54,50,14,87,53,348,0,9,18,12,8,11,10,10,9,18,62,60,34,0,41,46
55079007700,210,227,93,253,93,120,84,59,76,260,219,148,74,49,23,0,1988,727,162,114,43,144,54,78,23,14,0,85,10,0,0,0,0,0,823,0,58,28,56,39,27,61,10,47,119,196,80,53,49,0,0,347,48,55,22,0,0,15,0,35,21,56,13,46,21,0,15,0,91,0,0,0,53,0,0,0,0,8,0,0,22,0,0,8,0
